puzzle	target_struc	seed	solution	dist_seed_sol	dist_struc_target	length_sol	nr_restarts	nr_not_unique	time_seed	time_nemo	method
1	(((((......)))))	GGGGGAAAAAACCCCC	GGGGGAAAAAACCCCC	0.0	0.0	16.0	0.0	0.0	0.0019655227661132	0.0079987049102783	linearbp_onlyA
2	(((((((....(((...........)))((((((((..(((((((((((((((((((...(((((......))))).)))))).)))))))))))))..))))))))..)))))))	GGGCGGGAAAACACAAAAAAAAAAAGUGCCCCGCGGAACAAUUCCAAAGGGGUAAACAAACAAUGAAAAAACAUUGAGUUUACACCCUUUGGAAUUGAACCGCGGGGAACCCGCCC	GGGCGGGAAAACACAAAAAAAAAAAGUGCCCCGCGGAACAAUUCCAAAGGGGUAAACAAACAAUGAAAAAACAUUGAGUUUACACCCUUUGGAAUUGAACCGCGGGGAACCCGCCC	0.0	0.0	116.0	0.0	0.0	0.0033404827117919	0.019916296005249	linearbp_onlyA
3	((((((.((((....))))))).)))..........	CUGGUGAGAACAAAAGUUCCACACAGAAAAAAAAAA	CUGGUGAGAACAAAAGUUCCACACAGAAAAAAAAAA	0.0	0.0	36.0	0.0	0.0	0.0012104511260986	0.0089187622070312	linearbp_onlyA
4	((((((((((((((.((((((...........((((((((((((.....((((((((....(((((((((((((........))))))))))....))))))))....))))))....)))))...((((((.......))))))))))............)))))).))))....))))))...))))...	GUACGACGACGCCGACAGGACAAAAAAAAAAAGCGGCAGGCGACAAAAAGACGCCUCAAAAGUCCAGGAAGGAGAAAAAAAACUCCUUCCUGAAAAGACGAGGCAAAAGUCGUCAAAAGCCUGAAACAAUACAAAAAAAGUAUUGCCGCAAAAAAAAAAAAGUCCUGACGGCAAAAGUCGUCAAAGUACAAA	GUACGACGACGCCGACAGGACAAAAAAAAAAAGCGGCAGGCGCCAAAAAGACGCCUCAAAAGUCCAGGAAGGAGAAAAAAAACUCCUUCCUGAAAAGACGAGGCAAAAGUCGGCAAAAGCCUGAAACAAUACAAAAAAAGUAUUGCCGCAAAAAAAAAAAAGUCCUGACGGCAAAAGUCGUCAAAGUACAAA	2.0	0.0	192.0	0.0	0.0	0.0076513290405273	0.4446611404418945	linearbp_onlyA
5	..(.(..((((((....))))))..).)......((((..(((.(((((((((....)))))....)))))))))))..((((((((....))))))))..	AAGAGAAGGCCGGAAAACCGGCCAACACAAAAAAGGGCAAGCGACCCGGGCCGAAAACGGCCAAAACGGGCGCGCCCAAGCGGGGGGAAAACCCCCCGCAA	AACGUAGAGCCGGAAAACCGGCUAAAGGGAAAAAAGGCAAGCGACCCGGGCCGAAAACGGCCAAAACGGGCGCGCCUAAGCGGGGGGAAAACCCCCCGCAA	12.0	0.0	101.0	0.0	0.0	0.0024366378784179	0.0502002239227294	linearbp_onlyA
6	(((((((((((........)))).((...............))....(((((.......))))))))))))....(((((((..((((........))))(((.............)))....(((((.......))))))))))))....(((((((..((((........))))((((((.......))))))....(((((.......))))))))))))....(((((((..((((........))))((((((.......))))))....(((((.......))))))))))))....(((((((..((((........))))((((((.......))))))....(((((.......))))))))))))....	CAACGAGCUUCAAAAAAAAGAAGAGCAAAAAAAAAAAAAAAGCAAAAGUUUGAAAAAAACAAACCUCGUUGAAAAGAACGACAACUACAAAAAAAAGUAGCUGAAAAAAAAAAAAACAGAAAAGACCCAAAAAAAGGGUCGUCGUUCAAAACCGUUUGAACUACAAAAAAAAGUAGGAGCUGAAAAAAACAGCUCAAAAGAGCCAAAAAAAGGCUCCAAACGGAAAACUAUUUGAACUAGAAAAAAAACUAGGAUAUGAAAAAAACAUAUCAAAACUAUCAAAAAAAGAUAGCAAAUAGAAAACCCCGAGAAGCGCAAAAAAAAGCGCGACGAGAAAAAAACUCGUCAAAAGUAUGAAAAAAACAUACCUCGGGGAAAA	CAACGAGCUUCAAAAAAAAGAAGAGCAAAAAAAAAAAAAAAGCAAAAGUUUGAAAAAAACAAACCUCGUUGAAAAGAACGACAACUACAAAAAAAAGUAGCUGAAAAAAAAAAAAACAGAAAAGACCCAAAAAAAGGGUCGUCGUUCAAAACCGUUUGAACUACAAAAAAAAGUAGGAGCUGAAAAAAACAGCUCAAAAGAGCCAAAAAAAGGCUCCAAACGGAAAACUAUUUGAACUAGAAAAAAAACUAGGAUAUGAAAAAAACAUAUCAAAACUAUCAAAAAAAGAUAGCAAAUAGAAAACCCCGAGAAGCGCAAAAAAAAGCGCGACGAGAAAAAAACUCGUCAAAAGUAUGAAAAAAACAUACCUCGGGGAAAA	0.0	0.0	379.0	0.0	0.0	0.0084803104400634	0.1797163486480713	linearbp_onlyA
7	.....((((((((...((((((((((..((((..........))))..((((..........))))..((((..........))))..))))))))))...((((((((((..((((..........))))..((((..........))))..((((..........))))..))))))))))...((((((((((..((((..........))))..((((..........))))..((((..........))))..))))))))))...)))))))).....	AAAAACAUACCAGAAACUCCGGCGACAAGAUCAAAAAAAAAAGAUCAACGCCAAAAAAAAAAGGCGAAGCGCAAAAAAAAAAGCGCAAGUCGCCGGAGAAAGGGGCAUAAGAACUACAAAAAAAAAAGUAGAACCCGAAAAAAAAAACGGGAAGUAGAAAAAAAAAACUACAACUUAUGCCCCAAAGUCCAGGGGGAAGCCGAAAAAAAAAACGGCAAGCGCAAAAAAAAAAGCGCAAGGGGAAAAAAAAAACCCCAACCCCCUGGACAAACUGGUAUGAAAAA	AAAAACAUACCAGAAACUCCGGCGACAAGAUCAAAAAAAAAAGAUCAACGCCAAAAAAAAAAGGCGAAGCGCAAAAAAAAAAGCGCAAGUCGCCGGAGAAAGGGGCAUAAGAACUACAAAAAAAAAAGUAGAACCCGAAAAAAAAAACGGGAAGUAGAAAAAAAAAACUACAACUUAUGCCCCAAAGUCCAGGGGGAAGCCGAAAAAAAAAACGGCAAGCGCAAAAAAAAAAGCGCAAGGGGAAAAAAAAAACCCCAACCCCCUGGACAAACUGGUAUGAAAAA	0.0	0.0	284.0	0.0	0.0	0.0054855346679687	0.0633981227874755	linearbp_onlyA
8	((((...)))).	GAACAAAGUUCA	GAACAAAGUUCA	0.0	0.0	12.0	0.0	0.0	0.0025696754455566	0.007354736328125	linearbp_onlyA
9	(((.(((((((...))))..))))))...(((.(((((((...))))..))))))...(((.(((((((...))))..))))))...(((.(((((((...))))..))))))...(((.(((((((...))))..))))))...(((.(((((((...))))..))))))...(((.(((((((...))))..))))))...(((.(((((((...))))..))))))...(((.(((((((...))))..))))))	CACACAGGCCGAAACGGCAACUGGUGAAAGACACUCCCCGAAACGGGAAGAGGUCAAAGACAGUCGUACAAAGUACAAGACGUCAAAGUGACACGCCCAAAGGGCAAGUGCACAAACUCAGUCCAAGAAACUUGAAGACGAGAAAGACAGUCGCCCAAAGGGCAAGACGUCAAACUGAGAGCCGCAAAGCGGAACUCCAGAAACAGAGUCCAAGAAACUUGAAGACCUGAAACUCACUGGAAGAAACUUCAACAGGAG	CACACAGGCCGAAACGGCAACUGGUGAAAGACACUCCCCGAAACGGGAAGAGGUCAAAGACAGUCGUACAAAGUACAAGACGUCAAAGUGACACGCCCAAAGGGCAAGUGCACAAACUCAGUCCAAGAAACUUGAAGACGAGAAAGACAGUCGCCCAAAGGGCAAGACGUCAAACUGAGAGCCGCAAAGCGGAACUCCAGAAACAGAGUCCAAGAAACUUGAAGACCUGAAAGUCACUGGAAGAAACUUCAACAGGAC	2.0	0.0	258.0	0.0	0.0	0.0048263072967529	0.3026044368743896	linearbp_onlyA
10	..........((((....))))((((....))))((((...))))	AAAAAAAAAACCGCAAAAGCGGGGCGAAAACGCCCAAGAAACUUG	UAAAAAAAAAGCGCAAAAGCGCGGCGAAAACGCCCUGGAAACCAG	7.0	0.0	45.0	0.0	0.0	0.0011556148529052	0.0118305683135986	linearbp_onlyA
11	((((((.((((((((....))))).)).).))))))	CUUUUCACCCCCUGGAAAACCAGGAGGAGAGAAAAG	CUUUUCACCCCCUGGAAAACCAGGAGGAGAGAAAAG	0.0	0.0	36.0	0.0	0.0	0.0045473575592041	0.0058488845825195	linearbp_onlyA
12	((((....))))...(((((((..(((((((.......))))))))))))))...((((((((......(((((((.(((((((.......))))))))))))))...((((((((((((((.......))))))).)))))))......))))))))...((((((((((((((.......)))))))..)))))))...((((....))))	GCGGAAAACCGCAAACAAGGAGAACAGCUACAAAAAAAGUAGCUGCUCCUUGAAACUCGGGUGAAAAAAGCCAAUCAGAUACCCAAAAAAAGGGUAUCGAUUGGCAAACCCUAAGCAACCUGAAAAAAACAGGUUGACUUAGGGAAAAAACACCCGAGAAAGCGUCGCCAUUAUGAAAAAAACAUAAUGAAGCGACGCAAACAAGAAAACUUG	GCGGAAAACCGCAAACAAGGAGAACAGCUACAAAAAAAGUAGCUGCUCCUUGAAACUCGGGUGAAAAAAGCCAAUCAGAUACCCAAAAAAAGGGUAUCGAUUGGCAAACCCUAAGCAACCUGAAAAAAACAGGUUGACUUAGGGAAAAAACACCCGAGAAAGCGUCGCCAUUAUGAAAAAAACAUAAUGAAGCGACGCAAACAAGAAAACUUG	0.0	0.0	213.0	0.0	0.0	0.0041534900665283	0.0575973987579345	linearbp_onlyA
13	((((((((((((((((((((((((((...))))))....)))))))....))))))....)))))))	AAAACCCCACCACCUUGGUCCCCUUCAAAGAAGGGAAAAGACCAAGAAAAGUGGUGAAAAGGGUUUU	AAAACCCCACCACCUUGGUCCCCUUCAAAGAAGGGAAAAGACCAAGAAAAGUGGUGAAAAGGGUUUU	0.0	0.0	67.0	0.0	0.0	0.0027287006378173	0.010756492614746	linearbp_onlyA
14	.....((...((....))...((....))...((....))...((....))...((....))...((....))...))....................	AAAAAGCAAAGGAAAACCAAACGAAAACGAAAGCAAAAGCAAACGAAAACGAAACGAAAACGAAACGAAAACGAAAGCAAAAAAAAAAAAAAAAAAAA	AAAAAGCAACGGAAAACCAACGAGAGAUCAAACCAAAAGGAAAGGGAAACCAAAGGAAAACCAAAGCAAAAGCAAAGCAAAAAAAAAAAAAAAAAAAA	19.0	0.0	98.0	0.0	0.0	0.0016858577728271	0.1110773086547851	linearbp_onlyA
15	(((((.....))..((.........)))))	GGGCGAAAAACGAAGCAAAAAAAAAGCCCC	GGCCGGUAUACGAAGCGAAAAAAAAGCGCC	6.0	0.0	30.0	0.0	0.0	0.0008778572082519	0.0893421173095703	linearbp_onlyA
16	............((....))...((...((....))..((...((....))...))..((....))...))..((....))........................	AAAAAAAAAAAACCAAAAGGAAACGAAACGAAAACGAACCAAACGAAAACGAAAGGAAGGAAAACCAAACGAACCAAAAGGAAAAAAAAAAAAAAAAAAAAAAAA	AAAAAAAAAAAAGGCAAACCAAAGGAAAGCGAAAGCAAGCAAACGAAAACGAAAGCAAGGAAAACCAAACCAACGGAAACGGAAAAAAAAAAAAAAAAAAAAAAA	18.0	0.0	105.0	1.0	1.0	0.0014772415161132	1.2682440280914309	linearbp_onlyA
17	.....((....((....))....((....))....((....))....((....))....((....))....((....))....))....................	AAAAAGGAAAAGCAAAAGCAAAAGCAAAAGCAAAAGCAAAAGCAAAACGAAAACGAAAAGCAAAAGCAAAACGAAAACGAAAACCAAAAAAAAAAAAAAAAAAAA	AAAAAGGAAAACCAAAAGGAAAGGCAAAAGCAAAAGCAAAAGCAAAACGGAAACGAAACCCAAAAGGAAAACGGAAACGAAAACCAAAAAAAAAAAAAAAAAAAA	8.0	0.0	105.0	1.0	1.0	0.0017945766448974	0.2889938354492187	linearbp_onlyA
18	((((((.....(((....(((...(((((.............)))))....)))..)))..))))))	CACCUGAAAAAGACAAAACAGAAAGGGACAAAAAAAAAAAAAGUCCCAAAACUGAAGUCAACAGGUG	CACCUGAAAAAGACAAAACAGAAAGGGACAAAAAAAAAAAAAGUCCCAAAACUGAAGUCAACAGGUG	0.0	0.0	67.0	0.0	0.0	0.0024926662445068	0.0092735290527343	linearbp_onlyA
19	.....((((.(((((....)).))).(((.(((....)))))).((((((....)).)))).(((((....))).)))))).......................	AAAAAGUACACUCCGAAAACGAGAGACACAGUCAAAAGACGUGACAAGCCAAAAGGACUUGAGCCACAAAAGUGAGCGUACAAAAAAAAAAAAAAAAAAAAAAA	AAAAAGUACACUCCGAAAACGAGAGACACAGUCAAAAGACGUGACAAGCCAAAAGGACUUGAGCCACAAAAGUGAGCGUACAAAAAAAAAAAAAAAAAAAAAAA	0.0	0.0	104.0	0.0	0.0	0.0022130012512207	0.0132856369018554	linearbp_onlyA
20	(((((((.(.(.(.(((((((....)))))))))))))))))	GGAAAAGAGAGAGAGAACCCCAAAAGGGGUUCCCCCUUUUCC	GGAAAAGAGAGAGAGAACCCCAAAAGGGGUUCCCCCUUUUCC	0.0	0.0	42.0	0.0	0.0	0.0399537086486816	0.0049891471862792	linearbp_onlyA
21	.....((((((((....))))((((.((((....))))(((((....))))).((((....))))))))((((....))))))))....................	AAAAACAGGUCCGAAAACGGAACCGAGGCGAAAACGCCGAGGGAAAACCCUCACAUGAAAACAUGCGGUUAUCAAAAGAUACCUGAAAAAAAAAAAAAAAAAAAA	AAAAACAGGCCCGAAAACGGGACCGAGGCGAAAACGCCGAGGGAAAACCCUCACAUGAAAACAUGCGGUGAUCAAAAGAUCCCUGAAAAAAAAAAAAAAAAAAAA	4.0	0.0	105.0	0.0	0.0	0.0020244121551513	0.0351326465606689	linearbp_onlyA
22	................................................................................................................................................................................................................................................................................................................................................................................................................	AAAAAAAAAAAAAAAAAAAAAAAAAAAAAAAAAAAAAAAAAAAAAAAAAAAAAAAAAAAAAAAAAAAAAAAAAAAAAAAAAAAAAAAAAAAAAAAAAAAAAAAAAAAAAAAAAAAAAAAAAAAAAAAAAAAAAAAAAAAAAAAAAAAAAAAAAAAAAAAAAAAAAAAAAAAAAAAAAAAAAAAAAAAAAAAAAAAAAAAAAAAAAAAAAAAAAAAAAAAAAAAAAAAAAAAAAAAAAAAAAAAAAAAAAAAAAAAAAAAAAAAAAAAAAAAAAAAAAAAAAAAAAAAAAAAAAAAAAAAAAAAAAAAAAAAAAAAAAAAAAAAAAAAAAAAAAAAAAAAAAAAAAAAAAAAAAAAAAAAAAAAAAAAAAAAAAAAAAAAAAAAAAAAAAAAAAAAAAAAA	AAAAAAAAAAAAAAAAAAAAAAAAAAAAAAAAAAAAAAAAAAAAAAAAAAAAAAAAAAAAAAAAAAAAAAAAAAAAAAAAAAAAAAAAAAAAAAAAAAAAAAAAAAAAAAAAAAAAAAAAAAAAAAAAAAAAAAAAAAAAAAAAAAAAAAAAAAAAAAAAAAAAAAAAAAAAAAAAAAAAAAAAAAAAAAAAAAAAAAAAAAAAAAAAAAAAAAAAAAAAAAAAAAAAAAAAAAAAAAAAAAAAAAAAAAAAAAAAAAAAAAAAAAAAAAAAAAAAAAAAAAAAAAAAAAAAAAAAAAAAAAAAAAAAAAAAAAAAAAAAAAAAAAAAAAAAAAAAAAAAAAAAAAAAAAAAAAAAAAAAAAAAAAAAAAAAAAAAAAAAAAAAAAAAAAAAAAAAAAAA	0.0	0.0	400.0	0.0	0.0	0.5914552211761475	0.0536527633666992	linearbp_onlyA
23	((....)).((....))	CCAAAAGGAGGAAAACC	CCAAAAGGACCGAAAGG	5.0	0.0	17.0	0.0	0.0	0.0155489444732666	0.0194733142852783	linearbp_onlyA
24	.....(.((((..(((((........)))))..(((.(((.(((((.....))))).((((....)))).))))))..)))).)....................	AAAAACACCGGAACGCCCAAAAAAAAGGGCGAACCGAGCCAGCCGGAAAAACCGGCACCCGAAAACGGGAGGCCGGAACCGGAGAAAAAAAAAAAAAAAAAAAA	AAAACGGGCGGAACGCCCAAAAAAAAGGGCGAACCGAGCCAGCCGGAAAAACCGGCACCCGAAAACGGGAGGCCGGAACCGCGCAAAAAAAAAAAAGAAAAAAA	8.0	0.0	104.0	0.0	0.0	0.0019402503967285	0.022515058517456	linearbp_onlyA
25	(((.....(((.....(((.....(((.....(((........))).))).))).))).)))	GACAAAAACUGAAAAAGUCAAAAACACAAAAACAGAAAAAAAACUGAGUGAGACACAGAGUC	GCCGAAAGCACGAAAACCCGAAAAGACAAAAAUAGGAAAAAAACUGAGUCAGGGAGUGAGGC	18.0	0.0	62.0	0.0	0.0	0.0019178390502929	1.2223076820373535	linearbp_onlyA
26	..((((((((.....)).))))))..	AAGAGGACCCAAAAAGGAGUCCUCAA	AAGAGGACCCAAAAAGGAGUCCUCAA	0.0	0.0	26.0	0.0	0.0	0.0071995258331298	0.0041470527648925	linearbp_onlyA
27	.....(((((.(.(.((.(.(((((((((....))))))))))))))))))).....	AAAAACCCUGAGAGAGGAGAGGUUUUGGGAAAACCCAAAACCCCCCCCAGGGAAAAA	AAAAACCCUGAGAGAGGAGAGGUUUUGGGAAAACCCAAAACCCCCCCCAGGGAAAAA	0.0	0.0	57.0	0.0	0.0	0.0164518356323242	0.0053286552429199	linearbp_onlyA
28	...((((..(((((.....)))))..(((((...)))))..(((((.....)))))..(((((...)))))..(((((.....)))))..(((((.....))))).((((((((((((((((((((((((((((......))))).(((((.............((((.........................................)))).............)))))(((((....))))).)))))))))))))))))))))))..(((((.....)))))..(((((.....)))))..(((((.....)))))..(((((.....)))))..(((((....)))))..(((((.....))))).))))...	AAACCGGAACCGACAAAAAGUCGGAACUUACAAAGUAAGAACAAUGAAAAACAUUGAACAAACAAAGUUUGAACAGGGAAAAACCCUGAAGAAACAAAAAGUUUCAGGGAAUCGUUGGAGCUCGGCGCGGGCUGAAAAAACAGCCACAGGGAAAAAAAAAAAAACCGCAAAAAAAAAAAAAAAAAAAAAAAAAAAAAAAAAAAAAAAAAGCGGAAAAAAAAAAAAACCCUGGAGGCAAAAGCCUCACGCGCCGAGCUCCAACGAUUCCCAACAGCGAAAAACGCUGAACAUUGAAAAACAAUGAAGAAUGAAAAACAUUCAACGCAGAAAAACUGCGAACUGCCAAAAGGCAGAAGUCGCAAAAAGCGACACCGGAAA	AAACCGGAACCGACAAAAAGUCGGAACUUACAAAGUAAGAACAAUGAAAAACAUUGAACAAACAAAGUUUGAACAGGGAAAAACCCUGAAGAAACAAAAAGUUUCAGGGAAUCGUUGGAGCUCGGCGCGGGCUGAAAAAACAGCCACAGGGAAAAAAAAAAAAACCGCAAAAAAAAAAAAAAAAAAAAAAAAAAAAAAAAAAAAAAAAAGCGGAAAAAAAAAAAAACCCUGGAGGCAAAAGCCUCACGCGCCGAGCUCCAACGAUUCCCAACAGCGAAAAACGCUGAACAUUGAAAAACAAUGAAGAAUGAAAAACAUUCAACGCAGAAAAACUGCGAACUGCCAAAAGGCAGAAGUCGCAAAAAGCGACACCGGAAA	0.0	0.0	378.0	0.0	0.0	0.0078892707824707	0.1501274108886718	linearbp_onlyA
29	.....((((((((..((((....))))..)))).((((..(...)..)))).((((..(..(((.....)))..)..))))))))....................	AAAAACGGCGGCCAACGGGAAAACCCGAAGGCCACCCGAACAAAGAACGGGACCCGAAGAAGGCAAAAAGCCAACAACGGGGCCGAAAAAAAAAAAAAAAAAAAA	AAAAACGGCGGCCAACGGGAAAACCCGAAGGCCACCCGAGGCAACAGCGGGACCCGGGCGGCGCAAAAAGCGAAGAAUGGGGCCGAAAAAAAAAAAAAAAAAAAA	14.0	0.0	105.0	0.0	0.0	0.001967430114746	0.1279821395874023	linearbp_onlyA
30	.(((((((((((...)))))....)))))).	ACUUCCCCCCUGAAACAGGGAAAAGGGAAGA	ACUUCCCCCCUGAAACAGGGAAAAGGGAAGA	0.0	0.0	31.0	0.0	0.0	0.0014746189117431	0.00728440284729	linearbp_onlyA
31	.....((((.((((((.(((.(((((.((((.((((.((.((.((.((.((.((.....)))))))))))))))))))))))))))))))))))))).....	AAAAACUUGAGAACCCACAGAGUCCCACUUGAGGGGAGGAGGAGGAGGAGGAGGAAAAACCCCCCCCCCCCCCCCCAAGGGGACCUGGGGUUCCAAGAAAAA	AAAAACUUGAGAACCCACAGAGUCCCACUUGAGGGGAGGAGGAGGAGGAGGAGGAAAAACCCCCCCCCCCCCCCCCAAGGGGACCUGGGGUUCCAAGAAAAA	0.0	0.0	102.0	0.0	0.0	0.0030901432037353	0.0143134593963623	linearbp_onlyA
32	.............................((((......((((....((((...((((..((((.((((.....)).)).)).))..)).))...)).)).....)).))......)).)).	AAAAAAAAAAAAAAAAAAAAAAAAAAAAAGGGGAAAAAAGGGGAAAAGGGGAAAGGGGAAGGGGAGGGGAAAAACCACCACCACCAACCACCAAACCACCAAAAACCACCAAAAAACCACCA	AAAAAAAAAAAAAAAAAAAAAAAAAAAAAGGGGAAAAAAGGGGAAAAGGGGAAAGGGGAAGGGGAGGGGAAAAACCACCACCACCAACCACCAAACCACCAAAAACCACCAAAAAACCACCA	0.0	0.0	122.0	0.0	0.0	0.1294445991516113	0.0096409320831298	linearbp_onlyA
33	.......(.(.(.(.(.((.((.(....).)).)).).).).).)	AAAAAAAGAGAGAGAGAGGAGGAGAAAACACCACCACACACACAC	AAAAAAACGUGGGCGUGGGAGGGGGAAACGCCACCGAGGGCGAGG	21.0	0.0	45.0	0.0	0.0	0.03395676612854	0.0099556446075439	linearbp_onlyA
34	.....((((.(((((....))))).(((....))).)).))....((((.(((....))).(((....))).))))....................	AAAAAGCGCACAUACAAAAGUAUGACUCAAAAGAGAGCAGCAAAAGAUGAGAGAAAACUCACAGAAAACUGACAUCAAAAAAAAAAAAAAAAAAAA	AAAAAGCGCACAUACAAAAGUAUGACUCAAAAGAGAGCAGCAAAAGAUGAGAGAAAACUCACAGAAAACUGACAUCAAAAAAAAAAAAAAAAAAAA	0.0	0.0	96.0	0.0	0.0	0.0016999244689941	0.0119736194610595	linearbp_onlyA
35	.(((.(((...(((.(((...))).(((....))).)))...(((.(((....))).(((...))).)))...(((.(((....))).(((...))).)))...))).(((...))).)))..	ACGGAGGGAAACCCAGGGAAACCCAGCGAAAACGCAGGGAAACCCACCCAAAAGGGAGCCAAAGGCAGGGAAACCCACGCAAAAGCGACGGAAACCGAGGGAAACCCAGCCAAAGGCACCGAA	ACGGACGCAAACCGAGGGAAACCCAGCGAAAACGCACGGAACGACACCCAAAAGGGAGCCAAAGGCAGUCAAAGUCAUGCAAAAGCAACGGAAACCGAGACAAAGCGAGCGAAACGCACCGAA	19.0	0.0	123.0	0.0	0.0	0.0026004314422607	0.4649779796600342	linearbp_onlyA
36	.....(((((((...((((...((((...((((.........(((((............)))))...))))....((((..........))))...))))...(((........)))...))))..((......))...))))))).....	AAAAAGUAAUAGAAACCGGAAACGGGAAACUUCAAAAAAAAAGAAUCAAAAAAAAAAAAGAUUCAAAGAAGAAAAGUAGAAAAAAAAAACUACAAACCCGAAAGACAAAAAAAAGUCAAACCGGAACGAAAAAACGAAACUAUUACAAAAA	AAAAAGUAAUAGAAACCGGAAACGCCAAAGCUCAAAAAAAAAAAAUCAAAAAAAAAAAAGAUUUAAGGAGCAAGAGUAGAAAAAAAAAACUAUAACGGCGAAAGACAAAAAAAAGUCAAACCGGGACGAAAAAACGAAACUAUUACAAAAA	15.0	0.0	151.0	0.0	0.0	0.0029420852661132	0.3604764938354492	linearbp_onlyA
37	.....((.((..(((((.(((....)))(((....)))))).....((((((....)))(((....))).)))))..)).)).....................	AAAAACCACCAACGCACAGUCAAAAGACGUGAAAACACGUGAAAAAGUGGACAAAAGUCGAGAAAACUCACACCGAAGGAGGAAAAAAAAAAAAAAAAAAAAA	AAAAACCGCCUGGGGCGAUCCGAUAGGAAGGGAAACCUCGCGAAAACCCCGCAAAAGCGAACGAAAGUUAGGGCCAUGGAGGGAAAAAAAAAAAAAAAAAAAA	40.0	0.0	103.0	0.0	0.0	0.0019688606262207	9.579471349716188	linearbp_onlyA
38	...((....))....(((((((((.........)))))))))....((((.....)))).....(((....)))...(((((.......)))))....(((...((....)).....(((....)))....((((((.......))))))....(((....))).....((((((....(((.......)))..(((........)))...(((((......)))))...((((.....))))..)))))).........((....)).....((....))......(((((..........)))))......)))	AAAGCAAAAGCAAAAGAAAUCGUGAAAAAAAAACACGAUUUCAAAAGAUCAAAAAGAUCAAAAACUCAAAAGAGAAACUAUGAAAAAAACAUAGAAAAGUCAAAGCAAAAGCAAAAACACAAAAGUGAAAAGUCGUGAAAAAAACACGACAAAAGUCAAAAGACAAAAAGCCGCCAAAACUGAAAAAAACAGAAGACAAAAAAAAGUCAAAGUCGCAAAAAAGCGACAAACGGGAAAAACCCGAAGGCGGCAAAAAAAAACCAAAAGGAAAAAGCAAAAGCAAAAAACUAACAAAAAAAAAAGUUAGAAAAAAGAC	AAAGCAAAAGCAAAAGAAAUCGUGAAAAAAAAACACGAUUUCAAAAGAUCAAAAAGAUCAAAAACUCAAAAGAGAAACUAUGAAAAAAACAUAGAAAAGCCAAAGCAAAAGCAAAAACACAAAAGUGAAAAGUCGUGAAAAAAACACGACAAAAGUCAAAAGACAAAAAGCCGCCAAAACUGAAAAAAACAGAAGACAAAAAAAAGUCAAAGUCGCAAAAAAGCGACAAACGGGAAAAACCCGAAGGCGGCAAAAAAAAACCAAAAGGAAAACGCGAAAGCAAAAAACUAACAAAAAAAAAAGUUAGAAAAAAGGC	4.0	0.0	316.0	0.0	0.0	0.0057008266448974	0.384817361831665	linearbp_onlyA
39	(((((.((((((.((((((.((((((.((((((.((((((....((((((......)))))).)))))).(((((...(((((((...)))))))))))).)))))).((((((((((((...)))))))...))))).))))))....))))))....))))))....)))))	AAGGGAGAGCAGACGCUUGAGGCUUGAGUAAAGAGCGGCCAAAACGGCCGAAAAAACGGCCGAGGCCGCAGCCACAAAGUGCUAGAAACUAGCACGUGGCACUUUACAGGCUCGGCGCACAAAGUGCGCCAAAGAGCCACAAGCCAAAACAAGCGAAAACUGCUCAAAACCCUU	AAGGGAGAGCAGACGCUUGAGGCUUGAGUAAAGAGCGGCCAAAACGGCCGAAAAAACGGCCGAGGCCGCAGCCACAAAGUGCUAGAAACUAGCACGUGGCACUUUACAGGCUCGGCGCACAAAGUGCGCCAAAGAGCCACAAGCCAAAACAAGCGAAAACUGCUCAAAACCCUU	0.0	0.0	174.0	0.0	0.0	0.00429368019104	0.0415854454040527	linearbp_onlyA
40	..((((((((.....))))((((.....))))))))..	AACAGGUCCCAAAAAGGGAGGACAAAAAGUCCCCUGAA	AACAGGUCCCAAAAAGGGAGGACAAAAAGUCCCCUGAA	0.0	0.0	38.0	0.0	0.0	0.0018517971038818	0.0067470073699951	linearbp_onlyA
41	((....)).((....)).((....)).((....))	CGAAAACGAGCAAAAGCAGCAAAAGCAGGAAAACC	GCGAAAGCAGCAAAAGCGCGGAAACGAGGGAAACC	12.0	0.0	35.0	0.0	0.0	0.0008151531219482	0.2724843025207519	linearbp_onlyA
42	.....((((.((((.....((((...)))).))))...(((..((((((...)))...)))((((((...)))...))).)))...(((...(((....))).))).)))).....	AAAAACUAGACAUCAAAAAGGGCAAAGCCCAGAUGAAAGUGAACUGCACAAAGUGAAACAGGAGCAGAAACUGAAACUCACACAAAGACAAAGACAAAAGUCAGUCACUAGAAAAA	AAAAACUAGACAGCAAAAAGGGCAAAGCCCAGCUGAACGGCAGGGAUGCAAAGCAAACUCCGACGAGAAACUCAAAGUCAGCCAAAGACAAAGACAAAAGUCAGUCACUAGAAAAA	23.0	0.0	116.0	0.0	0.0	0.0023586750030517	0.9793484210968018	linearbp_onlyA
43	.....(((((..((..((..(((..(((..((..((...)).)).))).))).)).)).))))).....................	AAAAAGUCCCAACCAACCAACUCAACUCAACCAACCAAAGGAGGAGAGAGAGAGGAGGAGGGACAAAAAAAAAAAAAAAAAAAAA	AAAAAGUCCCAACUGAGCAACUCGACUCAGAAGAGCAGAGCAUUAGAGAGAGAGCGAGAGGGACAAAAAAAAAAAAAAAAAAAAA	16.0	0.0	85.0	0.0	0.0	0.0022871494293212	0.1019179821014404	linearbp_onlyA
44	.....(((.(((((....)).)))(((.((....))))).)))....................	AAAAAGUGACUGCCAAAAGGACAGGUCACCAAAAGGGACACACAAAAAAAAAAAAAAAAAAAA	AAAAAGUGACUGCCAAAAGGACAGGUCACCAAAAGGGACACACAAAAAAAAAAAAAAAAAAAA	0.0	0.0	63.0	0.0	0.0	0.0013957023620605	0.0076179504394531	linearbp_onlyA
45	(((((((((....))))(((((....)))))(((((....)))))((((....))))))))).	CGCGCACGGAAAACCGUUUUUGAAAACAAAAUGGUGAAAACACCAAUUCAAAAGAAUGCGCGA	CGCGCACGGAAAACCGUUUUUGAAAACAAAAUGGUGAAAACACCAAUUCAAAAGAAUGCGCGA	0.0	0.0	63.0	0.0	0.0	0.0015244483947753	0.0106410980224609	linearbp_onlyA
46	.....((((((((((((....))))((((....))))))))((((((((....))))((((....))))))))))))....................	AAAAAGACCCCCCCCUGAAAACAGGACCCAAAAGGGUGGGGAAAAGGAGAAAACUCCCCUGAAAACAGGUUUUGGUCAAAAAAAAAAAAAAAAAAAA	AAAAAGACCGCCCCCUGAAAACAGGACCCAAAAGGGUGGGCGUAGGGAGAAAACUCCCCUGAAAACAGGCUACGGUCAAAAAAAAAAAAAAAAAAAA	8.0	0.0	97.0	0.0	0.0	0.0036358833312988	0.0286123752593994	linearbp_onlyA
47	((((......(((((...))).((....)).........)).....))))	AAACAAAAAAGGCACAAAGUGACCAAAAGGAAAAAAAAACCAAAAAGUUU	ACGGGAAAAGCCCACAAAGUGAGGGAAACCAAAAAAAAAGGAAAAACCGU	17.0	0.0	50.0	0.0	0.0	0.0012431144714355	0.1080334186553955	linearbp_onlyA
48	.....((((((((...)))).((((((((...))))..((((...))))..((((...)))))))).((((...))))))))....................	AAAAACAUCGGGGAAACCCCACCCGCAUCAAAGAUGAACGGGAAACCCGAAGUUCAAAGAACCGGGACGCGAAACGCGGAUGAAAAAAAAAAAAAAAAAAAA	AAAAACAUCGGGGAAACCCCACCCGCAUCAAAGAUGAACCCGAAACGGGAAGUUCAAAGAACCGGGACGCGAAACGCGGAUGAAAAAAAAAAAAAAAAAAAA	4.0	0.0	102.0	0.0	0.0	0.0019309520721435	0.0321507453918457	linearbp_onlyA
49	.....(((.(..(.(((((.((((.((...)))).))))((((((...)).))))..(((...)))...))).)..).)))....................	AAAAACCGACAACAGCGCGAGGGCAGGAAACCGCACCCGGGGGCGAAACGACCCCAACCGAAACGGAAACGCAGAAGACGGAAAAAAAAAAAAAAAAAAAA	AAAAACCGACGAAGUCGCGAGGGCAGGAAACCGCACCCGGGGGCGAAACGACCCCAACCGAAACGGAAACGAGUGAGACGGAAAAAAAAAAAAAAAAAAAA	8.0	0.0	101.0	0.0	0.0	0.001483678817749	0.0201847553253173	linearbp_onlyA
50	.....((((.(((((....))....))).(((....))).)).)).....((((.((((....))...)).(((....))).))..))....................	AAAAAGGGCAGGGGGAAAACCAAAACCCAGCGAAAACGCAGCACCAAAAACCGGACGCCAAAAGGAAACGAGGGAAAACCCACCAAGGAAAAAAAAAAAAAAAAAAAA	AAAAAGCCCACCGCCGAAAGGAGAACGGACGCGAAAGCGAGGAGCAGAAAGCGCAGGCCGAAAGGAAACCACCCGAAAGGGAGCAAGCAAAAAAAAAAAAAAAAAAAA	36.0	0.0	108.0	2.0	0.0	0.0014553070068359	784.1746304035187	linearbp_onlyA
51	((((((.((((((....)))))).(((....))).(((....))).((((((....)))))).(((....))).((((((....)))))).(((....))).(((....))).((((((....)))))).(((....))).((((((....)))))).(((....))).(((....))).((((((....)))))).(((....))).((((((....)))))).(((....))).(((....))).((((((....)))))).(((....))).((((((....)))))).(((....))).(((....))).((((((....)))))).))))))	UGCCCGACUAGCCAAAAGGCUAGAGUGAAAACACAGUCAAAAGACAGCGAAGAAAACUUCGCAGUCAAAAGACACACCUCAAAAGAGGUGACAGAAAACUGAGUCAAAAGACAGUGGAGAAAACUCCACAGUGAAAACACAGGGCGGAAAACCGCCCAGUGAAAACACACUCAAAAGAGACUCGACAAAAGUCGAGAGUGAAAACACACUAUUCAAAAGAAUAGACACAAAAGUGACUCAAAAGAGAGGCCCGAAAACGGGCCAGACAAAAGUCAGCCUAGAAAACUAGGCACUCAAAAGAGACACAAAAGUGAGUGCUCAAAAGAGCACACGGGCA	UGCCCGACUAGCCAAAAGGCUAGAGUGAAAACACAGUGAAAACACAGCGAAGAAAACUUCGCAGUCGAAAGACACACCUCAAAAGAGGUGACAGAAAACUGAGUCAAAAGACAGUGGAGAAAACUCCACACUGAAAACAGAGGGCGGAAAACCGCCCAGUGAAAACACACUCAAAAGAGACUCGACAAAAGUCGAGAGUGAAAACACACUAUUCAAAAGAAUAGACACAAAAGUGACUCAAAAGAGAGGCCCGAAAACGGGCCAGACAAAAGUCAGCCUAGAAAACUAGGCACUCAAAAGAGACACAAAAGUGAGUGCUCAAAAGAGCACACGGGCA	5.0	0.0	337.0	0.0	0.0	0.007462739944458	0.3484175205230713	linearbp_onlyA
52	((......((......))......(((......((......))......((......))......)))......)).....	CCAAAAAACGAAAAAACGAAAAAAGACAAAAAAGGAAAAAACCAAAAAAGCAAAAAAGCAAAAAAGUCAAAAAAGGAAAAA	GCGAAAAAGGGAAGAACCAAGAAACCCAAAAAAGGAAAAAACCAAAAAAGCAAAAAAGCAAAAAAGGGGAAAAGGCAAAAA	14.0	0.0	81.0	0.0	0.0	0.0011878013610839	9.923102378845217	linearbp_onlyA
53	.......((.........((.........((.........((.........((.........((.........((.........((.........((.........((.........((.........((.........((.........((.........((.........((.........((.........((.........)).........)).........)).........)).........)).........)).........)).........)).........)).........)).........)).........)).........)).........)).........)).........)).........)).........))......	AAAAAAAGGAAAAAAAAAGGAAAAAAAAAGGAAAAAAAAAGGAAAAAAAAAGGAAAAAAAAAGGAAAAAAAAAGGAAAAAAAAAGGAAAAAAAAAGGAAAAAAAAAGGAAAAAAAAAGGAAAAAAAAAGGAAAAAAAAAGGAAAAAAAAAGGAAAAAAAAAGGAAAAAAAAAGGAAAAAAAAAGGAAAAAAAAAGGAAAAAAAAACCAAAAAAAAACCAAAAAAAAACCAAAAAAAAACCAAAAAAAAACCAAAAAAAAACCAAAAAAAAACCAAAAAAAAACCAAAAAAAAACCAAAAAAAAACCAAAAAAAAACCAAAAAAAAACCAAAAAAAAACCAAAAAAAAACCAAAAAAAAACCAAAAAAAAACCAAAAAAAAACCAAAAAAAAACCAAAAAA	AAAAAAAGGAAAAAAAAAGGAAAAAAAAAGGAAAAAAAAAGGAAAAAAAAAGGAAAAAAAAAGGAAAAAAAAAGGAAAAAAAAAGGAAAAAAAAAGGAAAAAAAAAGGAAAAAAAAAGGAAAAAAAAAGGAAAAAAAAAGGAAAAAAAAAGGAAAAAAAAAGGAAAAAAAAAGGAAAAAAAAAGGAAAAAAAAAGGAAAAAAAAACCAAAAAAAAACCAAAAAAAAACCAAAAAAAAACCAAAAAAAAACCAAAAAAAAACCAAAAAAAAACCAAAAAAAAACCAAAAAAAAACCAAAAAAAAACCAAAAAAAAACCAAAAAAAAACCAAAAAAAAACCAAAAAAAAACCAAAAAAAAACCAAAAAAAAACCAAAAAAAAACCAAAAAAAAACCAAAAAA	0.0	0.0	400.0	0.0	0.0	0.3114244937896728	0.0295543670654296	linearbp_onlyA
54	(((((((((....)))))(((((....)))))(((((....)))))(((((....)))))(((((....)))))(((((....)))))))))	AUCGUGCUCAAAAGAGCAAAUACAAAAGUAUUUCGUCAAAAGACGAGGCGGAAAACCGCCUCCACAAAAGUGGAUCGACAAAAGUCGACGAU	AUCGUGCUCAAAAGAGCAAAUACAAAAGUAUUUCGUCAAAAGACGAGGCGGAAAACCGCCUCCACAAAAGUGGAUCGACAAAAGUCGACGAU	0.0	0.0	92.0	0.0	0.0	0.001542329788208	0.012031078338623	linearbp_onlyA
55	.....((((((((((....)))(((....((((.(((.....))).((((((......)))...))))))))))))).))))....................	AAAAAGCCGGGGUAGAAAACUACGCAAAAGGCCAGUCAAAAAGACAGUCGAGAAAAAACUCAAAGACGGCCGCGCCCACGGCAAAAAAAAAAAAAAAAAAAA	AAAAAGCCGGGGGAUGAAAAUCGGCAAAAGGCCAGUCAAAAAGACAGUCGAGAAAAAACUCAAAGACGGCCGCCCCCACGGCAAAAAAAAAAAAAAAAAAAA	7.0	0.0	102.0	0.0	0.0	0.0014915466308593	0.0230052471160888	linearbp_onlyA
56	(((((((((((.(((((..(((((....((((((..(((((...(((((..((((((.((((((((((((((....))))))))))))))..(((....))).(((((((((....)))))))))..(((((....))))).)))))).))))).))))).))))))...((((((((.....))).)))))..((((((((((((((((((((((((....)))))))))))))).))))))))))...(((((......)))))((((((((((....))))))))))...((((....))))..)))))..))))).((((.(((.(((....)))))))))).(((((((((....))))).)))).)))).))).))))...	CGCGGACCCGCAGUCGCAAGGGACAAAAGUUCGGAAGCGAGAAAGUUUGAAGCCUUGAGCGGGCGAAAGGAGAAAACUCCUUUCGCCCGCAACAGAAAACUGACUAGGAUUGAAAACAAUCCUAGAACAGCCAAAAGGCUGACAAGGCACAAACACUCGCACCGAACAAAGACGCCACAAAAAGUGAGCGUCAAGUCCUUGCACGAGGUAAUUGGUUCAAAAGAACCAAUUACCUCAGUGCAAGGACAAAGAUUCAAAAAAGAAUCCUAUUUAGGCAAAAGCCUAAAUAGAAAGAAGAAAACUUCAAGUCCCAAGCGACAGCGCACUGAGUCAAAAGACCAGGCGCAGCGGGAUUCAAAAGAAUCACCGCAGCGGAGUCACGCGAAA	CGCGGACCCGCAGUCGCAAGGGACAAAAGUUCGGAAGCGAGAAAGUUUGAAGCCUUGAGCGGGCGAAAGGAGAAAACUCCUUUCGCCCGCAACAGAAAACUGACUAGGAUUGAAAACAAUCCUAGAACAGCCAAAAGGCUGACAAGGCACAAACACUCGCACCGAACAAAGACGCCACAAAAAGUGAGCGUCAAGUCCUUGCACGAGGUAAUUGGUUCAAAAGAACCAAUUACCUCAGUGCAAGGACAAAGAUUCAAAAAAGAAUCCUAUUUAGGCAAAAGCCUAAAUAGAAAGAAGAAAACUUCAAGUCCCAAGCGACAGCGCACUGAGUCAAAAGACCAGGCGCAGCGGGAUUCAAAAGAAUCACCGCAGCGGAGUCACGCGAAA	0.0	0.0	387.0	0.0	0.0	0.0079586505889892	0.1712501049041748	linearbp_onlyA
58	((((.((((.(((....))).(((....))).(((....))).(((....))).(((....))).(((....))).)))).(((((......)))))(((....)))))))	CGCGAGGGGAGUGAAAACACAGUGAAAACACACAGAAAACUGACAGAAAACUGAGUGAAAACACACACAAAAGUGACCCCACUGGGAAAAAACCCAGGAGAAAACUCCGCG	CGCGAGGGGAGUGAAAACACAGUGAAAACACACAGAAAACUGACAGAAAACUGAGUGAAAACACACACAAAAGUGACCCCACUGGGAAAAAACCCAGGAGAAAACUCCGCG	0.0	0.0	111.0	0.0	0.0	0.0017361640930175	0.012000560760498	linearbp_onlyA
59	.....((((((.((((((((....))))))).)))((((((((((....)))))))))))))).....	AAAAACAAAAGAGGUGGGUCAAAAGACCCACACCUCCCUGGGUGGAAAACCACCCAGGGUUUGAAAAA	AAAAACCAACGUCCUGGGUCAAAAGACCCAGUGUGGCCUGGGUGGAAAACCACCCAGGUUUGGAAAAA	13.0	0.0	68.0	0.0	0.0	0.0087049007415771	1.116318941116333	linearbp_onlyA
60	.....((((.(...(.((((.(.((((.((.((((.((.(((....))).).)))))).).))))....).)))).)...).))))....................	AAAAAGAACACAAACACUGGAGAGUUGAGGAGUUGAGGAGGGAAAACCCACACCAACCACACAACAAAACACCAGAGAAAGAGUUCAAAAAAAAAAAAAAAAAAAA	AAAAAGAACGAAAAGGUUGCGCACUUCGGGCGUUGUCAGGGGGAAACCCGUCGUAACCAUGGAAGACAAGGGCAAGCGAGUGGUUCAAAAAAAAAAAAAAAAAAAA	37.0	0.0	106.0	1.0	1.0	0.0214335918426513	10.535106182098389	linearbp_onlyA
61	.....((.((.((...)).((....))...)))).((.((.((...)).((....))...)))).....	AAAAACGAGCACGAAACGACCAAAAGGAAAGCCGACCAGGAGGAAACCAGCAAAAGCAAACCGGAAAAA	UGAAAGGACCAGCACAGCACGGAAACGAGAGGCCACCACCAGCAAAGCACCAAAAGGAAAGGGGGAAAA	24.0	0.0	69.0	0.0	0.0	0.0010521411895751	0.4693596363067627	linearbp_onlyA
62	.((.((.((.((..((..((.((...))..)).)).))..))..))....)).	ACCACCACCACCAACCAACCACCAAAGGAAGGAGGAGGAAGGAAGGAAAAGGA	ACCAUCAGCAGGAAUCAACGGGCAAAGCAACGGGAACCGGGCGAGACAAAGGG	21.0	0.0	53.0	0.0	0.0	0.0376474857330322	3.106687307357788	linearbp_onlyA
63	.....((((((((..((((....))))..((((....))))..((((....))))..((((....))))..)))))))).....((((((((..((((....))))..((((....))))..((((....))))..((((....))))..)))))))).....((((((((..((((....))))..((((....))))..((((....))))..((((....))))..)))))))).....((((((((..((((....))))..((((....))))..((((....))))..((((....))))..)))))))).....((((((((..((((....))))..((((....))))..((((....))))..((((....))))..)))))))).....	AAAAAGGCGCUUCAACGCGAAAACGCGAAGAUCAAAAGAUCAAGGGGAAAACCCCAACUUCAAAAGAAGAAGAAGCGCCAAAAACGCUCCUCAACGCCAAAAGGCGAACAUGAAAACAUGAACCGGAAAACCGGAAGGCGAAAACGCCAAGAGGAGCGAAAAACCGAAGCCAACAUGAAAACAUGAAGAAGAAAACUUCAACCGCAAAAGCGGAACAUGAAAACAUGAAGGCUUCGGAAAAACUACCUACAACGCCAAAAGGCGAACCCCAAAAGGGGAAGGCGAAAACGCCAACGGCAAAAGCCGAAGUAGGUAGAAAAACUCGGCUGAACGGGAAAACCCGAACGCCAAAAGGCGAACCGGAAAACCGGAACCCCAAAAGGGGAACAGCCGAGAAAAA	AAAAAGGCGCUUCAACGCGAAAACGCGAAGAUCAAAAGAUCAAGGGGAAAACCCCAACUUCAAAAGAAGAAGAAGCGCCAAAAACGCUCCUCAACGCCAAAAGGCGAACAUGAAAACAUGAACCGGAAAACCGGAAGGCGAAAACGCCAAGAGGAGCGAAAAACCGAAGCCAACAUGAAAACAUGAAGAAGAAAACUUCAACCGCAAAAGCGGAACACGAAAACGUGAAGGCUUCGGAAAAACUACCUACAACGCCAAAAGGCGAACCCCAAAAGGGGAAGGCGAAAACGCCAACGGCAAAAGCCGAAGUAGGUAGAAAAACUCGGCUGAACGGGAAAACCCGAACGCCAAAAGGCGAACCGGAAAACCGGAACCCCAAAAGGGGAACAGCCGAGAAAAA	2.0	0.0	400.0	0.0	0.0	0.0055189132690429	0.401963472366333	linearbp_onlyA
64	((...((....((.....((.........((..............................))...............)).........)).......))....))....	CCAAACCAAAACCAAAAACCAAAAAAAAACCAAAAAAAAAAAAAAAAAAAAAAAAAAAAAAGGAAAAAAAAAAAAAAAGGAAAAAAAAAGGAAAAAAAGGAAAAGGAAAA	GCGUACCGAAACCAAAAAGCAAAAAAAAACCGAAUACAAAGAAAAAAAAAAAAAAAAAAAAGGGAAAAAAAAAAAGAGGCGAAAAAAAGGGGAAAAAAGGGAAAGCAAAA	18.0	0.0	110.0	0.0	0.0	0.0800895690917968	5.965767860412598	linearbp_onlyA
65	.(((((........)((((....))))..)))).......	ACGGCCAAAAAAAAGGGCGAAAACGCCAAGCCGAAAAAAA	ACGGUGGAAAAAAACGGCGAAAACGCCAUGCCGAAAAAAA	5.0	0.0	40.0	0.0	0.0	0.0006971359252929	1.285738468170166	linearbp_onlyA
66	.((.((.((..((.(...).)).))..))....)).	AGGAGGAGGAAGGAGAAACACCACCAACCAAAACCA	AGCAGCAGUGACAGGAAACGUGAACAGGCCAAGGCA	16.0	0.0	36.0	0.0	0.0	0.0241129398345947	0.8735575675964355	linearbp_onlyA
67	......(......((((.....))))......)......................	AAAAAACAAAAAACCCCAAAAAGGGGAAAAAAGAAAAAAAAAAAAAAAAAAAAAA	GAAAGACGAAAAAGCCCAAAAAGGGUGAAAAAGGAAAAAAAAAAAAAAAAAAAAA	7.0	0.0	55.0	1.0	0.0	0.0106291770935058	0.7650916576385498	linearbp_onlyA
69	.((.((.....(((((...((.(((.........................))).))...))).))...)).)).(((..(((..((.......((....)).......)))))......))).(((((.......(((..((..(((..((.(((...............)))..))..)))..)).)))..))..))).	ACGAGGAAAAAGGCGGAAACGAGGCAAAAAAAAAAAAAAAAAAAAAAAAAGCCACGAAACCGACCAAACCACGACCCAAGCGAAGGAAAAAAAGCAAAAGCAAAAAAACCCGCAAAAAAGGGAGGCCCAAAAAAACCCAACCAACGCAACCAGGCAAAAAAAAAAAAAAAGCCAAGGAAGCGAAGGAGGGAAGGAAGCCA	ACUGGGAAAAAGGCGGAAACGAGGCAAAAAAAAAAAAAAAAAAAAAAAAAGCCACGAAACCGACCAAACCGAGACCCAAGCGAUCGAAAAAAAGCAAAAGCAAAAAAACGCGCAAAAAAGGGACGUCCGAAAAAAGCCAACCAACGCAACCAGGCAAAAAAAAAAAAAAAGCCAAGGAAGCGAAGGAGGCGAGGUUACGA	17.0	0.0	200.0	0.0	0.0	0.0027852058410644	1.623027801513672	linearbp_onlyA
70	...(((((((....((..((..(((..((..((..((..((..((..((...)).))..)).)).))..)).))).)).)))))))))........(((((((....((..((..(((..((..((..((..((..((..((...)).))..)).)).))..)).))).)).)))))))))...	AAAGUUGGACAAAACCAACCAACUGAAGGAAGGAAGGAAGGAAGGAAGGAAACCACCAACCACCACCAACCACAGAGGAGGGUCCAACAAAAAAAACUUUUUCAAAACCAACCAACUGAAGGAAGGAAGGAAGGAAGGAAGGAAACCACCAACCACCACCAACCACAGAGGAGGGAAAAAGAAA	AAAGUUGGACAAAACCAACCAACUGAAGGAAGGAAGGAAGGAAGGGGGCAAAGCACCAACCACCACCAACCACAGAGGAGGGUCCAACAAAAAAAACUUUUUCAAAACCAACCAACUGAAGGAAGGAAGGAAGGAAGGGACGAAGCGGCCAACCACCACCAACCACAGAGGAGGGAAAAAGAAA	9.0	0.0	184.0	0.0	0.0	0.003713846206665	0.2100389003753662	linearbp_onlyA
71	....((....((....((....((..((..((...))..))....))......)).......)).........)).............	AAAACCAAAACCAAAACCAAAACCAACCAACCAAAGGAAGGAAAAGGAAAAAAGGAAAAAAAGGAAAAAAAAAGGAAAAAAAAAAAAA	UAAGGCGAAUCCGACACCGAAAGCGAGGGGCGAAACGAACCAAAAGCGAAAAAGGGAAAAAAGGUAAAAAAAAGCGAAAAAAAAAGAA	25.0	0.0	88.0	16.0	0.0	0.0627498626708984	411.82455801963806	linearbp_onlyA
73	((((...))))(((((((....))(((((..(((((((....))(((((((((...))))..((((...)))))))))((....)))))))..(((((((....))(((((((((...))))..((((...)))))))))((....)))))))..(((((((....))(((((((((...))))..((((...)))))))))((....)))))))..(((((((....))(((((((((...))))..((((...)))))))))((....)))))))..(((((((....))(((((((((...))))..((((...)))))))))((....)))))))..)))))((....)))))))((((...))))	GGUGAAACACCAACCAUGAAAACAGCAUCAACACCAAGAAAACUUCCACCUUCAAAGAAGAACCGGAAACCGGGUGGAUCAAAAGAUGGUGAAGUGCUACAAAAGUUUCCGGAACAAAGUUCAACUACAAAGUAGCGGAAUGAAAACAAGCACAACAUUAAGAAAACUACCUCGUUGAAACAACAACGCGAAACGCGGAGGUAGAAAACUUAAUGAAGAAAUUCAAAAGAAACGCCGGGAAACCCGAACUACAAAGUAGGCGUUAGAAAACUAUUUCAAGAGGCGGAAAACCGAGCGCUUGAAACAAGAAGUAGAAACUACCGCUCGCAAAAGCGCCUCAAGAUGCUGAAAACAUGGUUUAAGAAACUUA	GGUGAAACACCAACCCUGGAGACAACAUCAUCACCUCCGAUAGGGCCACCUUCAAAGAAGAACCGGAAACCGGGUGGCGGAAAACCAGGUGGAGUGCUCCGAAAGGGUCCGGAACAAAGUUCAACUACAAAGUAGCGGACGGAAAACCAGCACAAGACUUCCGAAAGGGCCUCGGUAAAUUACCAACGCGAAACGCGGAGGCGGGAAACCAAGUCAACAAAGGGGAAACCGACGCCGGGAAACCCGAACUACAAAGUAGGCGUCCCGAGAGGCUUUGAAGAGGUGCGACAGCGAGCGCUUGAAACAAGAAGUAGAAACUACCGCUCCGGAAACGACCUCAAGAUGUGCGAAAGCGGGUUUCAGAAACUGA	85.0	0.0	370.0	0.0	0.0	0.005770206451416	100.62337255477904	linearbp_onlyA
74	(..((....((..((....((..((....(..((..((....((..((..((....(..((..((..((....((..((..((..((....((..((..((..((..((....((..((..((..((..((....((..((..((..((..((..((....((..((..((..((..((..((....((..((..((..((..((..((......))..))..))..))..))..))))..))..))..))..))..))))..))..))..))..))..))))..))..))..))..))))..))..))..))..))))..))..))..))))..))..))..)))..))..))))..))..)))..))))..))))..)	GAAGGAAAAGGAAGGAAAAGGAAGGAAAAGAAGGAAGGAAAAGGAAGGAAGGAAAAGAAGGAAGGAAGGAAAAGGAAGGAAGGAAGGAAAAGGAAGGAAGGAAGGAAGGAAAAGGAAGGAAGGAAGGAAGGAAAAGGAAGGAAGGAAGGAAGGAAGGAAAAGGAAGGAAGGAAGGAAGGAAGGAAAAGGAAGGAAGGAAGGAAGGAAGGAAAAAACCAACCAACCAACCAACCAACCCCAACCAACCAACCAACCAACCCCAACCAACCAACCAACCAACCCCAACCAACCAACCAACCCCAACCAACCAACCAACCCCAACCAACCAACCCCAACCAACCAACCCAACCAACCCCAACCAACCCAACCCCAACCCCAAC	GGAGGAAUAGGAACCAGAAGCAGCGAAAAGAACGAAGGAAAAGGGAGGAAGCAAAUGAGGGAACGAAGGAAAAGGAAGGAAGGAAGGAAAAGGAAGGAAGGAAGGAAGGAAAAGGAAGGAAGGAAGGAAGGAAAAGGAAGGAAGGAAGGAAGGAAGGAAAAGGAAGGAAGGAAGGAAGGAAGGAAAAGGAAGGAAGGAAGGAAGGAAGGAAAAAACCAACCAACCAACCAACCAACCCCAACCAACCAACCAACCAACCCCAACCAACCAACCAACCAACCCCAACCAACCAACCAACCCCAACCAACCAACCAACCCCAACCAACCAACCCCAACGAACCAACGCAACCAACCCCAACGGACCGAGGCGGAGCCCCGAC	25.0	0.0	380.0	0.0	0.0	0.3289251327514648	5.330868005752564	linearbp_onlyA
75	......(((......((((..(....(((........)))....).....)))).......)))...........	AAAAAAGUCAAAAAACCACAACAAAACUCAAAAAAAAGAGAAAAGAAAAAGUGGAAAAAAAGACAAAAAAAAAAA	AAAAAAGUCAAAAAACCAGAACGAAAAUCAAAAAAAAGAUAAAGGGAAACUUGGAAAAAAAGACAAAAAAAAAAA	8.0	0.0	75.0	0.0	0.0	0.0042781829833984	0.0154554843902587	linearbp_onlyA
76	(((((....)).((((((....)))..((((.((((..(((....)))(((.((....))(((...)))((....)).)))(((....)))..)))).((((..(((....)))(((.((....))(((...)))((....)).)))(((....)))..)))).((((..(((....)))(((.((....))(((...)))((....)).)))(((....)))..)))).((((..(((....)))(((.((....))(((...)))((....)).)))(((....)))..)))).((((..(((....)))(((.((....))(((...)))((....)).)))(((....)))..)))).))))..(((....)))))).((....)))))	GGCGGAAAACCAGUCGAGAAAACUCAACCCGAGUUCAACAGAAAACUGCAGAGCAAAAGCCACAAAGUGGGAAAACCACUGCAGAAAACUGAAGAACAGGGGAACAGAAAACUGGAGACGAAAACGGACAAAGUCGCAAAAGCACUCCAGAAAACUGAACCCCACAUCAACUCAAAAGAGGUCAGCAAAAGCCUGAAACAGCGAAAACGAGACGACAAAAGUCAAGAUGACGCGAACUCAAAAGAGGUGACGAAAACGGACAAAGUCCGAAAACGACACGUCAAAAGACAACGCGACUAGAACUCAAAAGAGCAGAGCAAAAGCGUCAAAGACGCAAAAGCACUGCUGAAAACAGAACUAGACGGGAAGACAAAAGUCGACACCAAAAGGGCC	CGCGCGAAAGCAGGGGAGGAAACUCACGCGCAGGACGUGACAGAAGUCGGCAGGGAAACCGGAUAAUCCACGAAAGUAGCCAGUGAAAACUAAGUCCGGACCAGUGCGAAAGCAGCCAGGGAAACCGUCAAAGACACGAAAGUAGGCACAGAAAUGUAAGGUCAUCGCAACGAGAAAUCGGCCAGUGAAAACGUCAAAGACCCGGAAGGAGGCGCCGAAAGGCCAGCGAACAGGAGAGCGAAAGCUGGGAAGGAAACUGCGAAACGCCCGAAAGGACCCGUCGAAAGACAACCUGAGGCUAGGCGGAAACGCGGGAGGGAAACCGUCAAAGACUCGAAAGAACCCGUCGAAAGACAAAGCCAGCGCAACACAAAAGUGCCCACGGAAACGGCG	177.0	0.0	393.0	6.0	0.0	0.0058095455169677	2518.6357357501984	linearbp_onlyA
77	.....(((((((.(((((....)))).)))(((((.((..((((....))))..(((((......)))))..)).))))))))))....................	AAAAACGGGCGGACGCGGAAAACCGCAGCCCGGCCACGAAGCCCAAAAGGGCAAGGGCCAAAAAAGGCCCAACGAGGCCGGCCCGAAAAAAAAAAAAAAAAAAAA	AAAAACGGGCGGUGUAGGAAAACCUGUCCCCGGCCACGAAGCCCAAAAGGGCAAGGGCCAAAAAAGGCCCAACGAGGCCGGCCCGAAAAAAAAAAAAAAAAAAAA	8.0	0.0	105.0	0.0	0.0	0.0016586780548095	0.4455742835998535	linearbp_onlyA
79	......(.((((.((((....(...((((.(....).))))...)))))..((......((((....)))))).)))).).....................	AAAAAACACGGCAGGCGAAAAGAAAGGCCACAAAAGAGGCCAAACCGCCAAGCAAAAAACCGGAAAACCGGGCAGCCGAGAAAAAAAAAAAAAAAAAAAAA	UGAAAACGGGACAUGGGAUACGGAGUGCGGCAAAAGGCGCAAAACCCCAAGGCUAAAAAGUCGGAAACGAUGCGGUCCGGAAAAAAAAAGAUAAAAAAUAA	35.0	0.0	101.0	0.0	0.0	0.0013930797576904	94.46134614944458	linearbp_onlyA
80	(....(((((...(((((...(((((....(((((...(((((...(((((..(((((....(((((...(((((...(((((..(((((...(((((...(((((..(((((...(((((..(((((..(((((..(((((..(((((.(((((.((((((((((.....))))).....))))).....))))).....))))).....))))).....))))).....))))).....))))).....))))).....))))).....))))).....))))).....))))).....))))).....))))).....))))).....))))).....))))).....))))).....))))).....))))).....)))))....).....	CAAAACUUCCAAACAAGGAAAGGGGGAAAAGGAAGAAAGGAACAAACCUUCAACCUGGAAAAGGGGGAAAGGUGGAAAGUUCCAACUUGGAAAGUUGGAAAGUUCCAACUUCCAAACCCCCAACCAACAACCAGGAAGGGGGAAGGACCACUUUCACCAAGGGAAGAAAAACUUCCAAAAACUUGGAAAAAGAAAGAAAAAGGUCCAAAAACCCCCAAAAACCUGGAAAAAGUUGGAAAAAGGGGGAAAAAGGAAGAAAAAGGAACAAAAACCAACAAAAACCAAGAAAAAGGAACAAAAACCACCAAAAACCCCCAAAAACCAGGAAAAAGAAGGAAAAAGUUCCAAAAACUUCCAAAAACCCCCAAAAACCUUGAAAAAGGAAGAAAAGAAAAA	GGAAGUUUCCAAACAAGGAAAGGGGGAAAAGGAAGAAAGGAACAAACCUUCAACCUGGAAAAGGGGGAAAGGUGGAAAGUUCCAACUUGGAAAGUUGGAAAGUUCCAACUUCCAAACCCCCAACCAACAACCAGGAAGGGGGAAGGACCACUUUCACCAAGGGAAGAAAAACUUCCAAAAACUUGGAAAAAGAAAGAAAAAGGUCCAAAAACCCCCAAAAACCUGGAAAAAGUUGGAAAAAGGGGGAAAAAGGAAGAAAAAGGAACAAAAACCAACAAAAACCAAGAAAAAGGAACAAAAACCACCAAAAACCCCCAAAAACCAGGAAAAAGAAGGAAAAAGUUCCAAAAACUUCCAAAAACCCCCAAAAACCUUGAAAAAGGAAAAAAACAAAAA	6.0	0.0	396.0	0.0	0.0	0.0529687404632568	1.3418662548065186	linearbp_onlyA
81	....((((..(((((..((((..((((.....))))((((((...))).)))))))((((((.((.((.(((((....)).)))))))(((((.((.((.((....))))))(((((.(((....)).))).)))..)).)))))).))))))))(((.(((.(((.((((....))))))))))((((((((...))).)).))).)))))))	AAAAGCCGAAGGCGGAAGGCCAAGCCCAAAAAGGGCCGCGCCAAAGGCAGCGGGCCCGCCGGAGGACCAGCGCCAAAAGGACGCGGCCCGCGCACGAGGAGGAAAACCCCCGCGCCCACGGAAAACCAGGGAGCGAAGCAGCGCCGAGCGCCGCCGCGACCGACGCAGCGCAAAAGCGCGCGCGGCGCGCCGCAAAGCGAGCAGCGACGCCGGC	AAAACGCCUGUGUCCAACGAUAAGAUCGAAAAGAUCGUCACUAGAAGUAGACAUCGGACCCCAGCAUGACUGGUAAAAACGCAGCAGCCGCCCAGGAGGAUGGAAACACCCCACCCGUCAGGAAACUAGUGAGGUACGGAGCGGGGAGUCGGACAGGGACCGACGCAGCGCAAAAGCGCGCGCGGCGCGCCGCAAAGCGAGCAGCGACCCGGCG	79.0	0.0	214.0	8.0	1.0	0.0037295818328857	2572.188749551773	linearbp_onlyA
82	...((((((....))))))(((((....)))))((((((....))))))(((((....)))))((((((....))))))(((((....)))))(((((....)))))((((((....)))))).(((((....)))))((((((....))))))(((((....)))))((((((....))))))(((((....)))))((((((....))))))	AAAGUGCACAAAAGUGCACCUUUGAAAACAAAGCCCGCCAAAAGGCGGGGAAACAAAAGUUUCGAUCGGAAAACCGAUCCAUAGAAAACUAUGGUUUGAAAACAAACGGGCCGAAAACGGCCCACAGGGAAAACCCUGCUGGACAAAAGUCCAGCGGACAAAAGUCCGGUUGCGAAAACGCAACGUUUGAAAACAAACCGGCGCAAAAGCGCCG	AAAGUGCACAAAAGUGCACGGUUGAAAACAACCCCCGCCAAAAGGCGGGCAAACAAAAGUUUGGAUCGGAAAACCGAUCCAUAGAAAACUAUGGUUUGAAAACAAACGGGCCGAAAACGGCCCAGAGGGAAAACCCUCGUGGACAAAAGUCCACCGGACAAAAGUCCGGUUGCGAAAACGCAACGCUUGAAAACAAGCGGGCGCAAAAGCGCCC	14.0	0.0	214.0	0.0	0.0	0.0042428970336914	1.5519428253173828	linearbp_onlyA
83	.....((((.(((.((....))((....)).))).(((.((....))((....)).))).(((.((....))((....)).))).(((.((....))((....)).))).)))).....	AAAAACGCCACGGAGCAAAAGCCGAAAACGACCGAGCCAGGAAAACCGCAAAAGCAGGCACCGAGCAAAAGCCCAAAAGGACGGAGCCAGGAAAACCCCAAAAGGAGGCAGGCGAAAAA	AAAAACGCGAGACACCGAAAGGGGGAAACCAGUCACCCACGAAAACGGCAAAAGCAGGGAGCCACCGAAAGGGCAAAAGCAGGCAGCGACGGAAACGAGGAAACUACGCACGCGAAAAA	37.0	0.0	119.0	0.0	0.0	0.0017716884613037	2.0962581634521484	linearbp_onlyA
84	.....((((((((((....)))(((....((((((((...(((.....)))))))(((......))).))))))))))..))))....................	AAAAAGUACCUUGGGAAAACCCUAGAAAACAACCGGCAAACUGAAAAACAGGCCGGUGAAAAAACACAGUUGCUAAAGAAGUACAAAAAAAAAAAAAAAAAAAA	AAAAAGUACCUUGGGAAAACCCCGCAAAAGAGUGGGCAAACUGAAAAACAGGCCCGUGAAAAAACACGACUCGCGAAGAUGUACAAAAAAAAAAAAAAAAAAAA	16.0	0.0	104.0	0.0	0.0	0.0015523433685302	0.305267333984375	linearbp_onlyA
85	(((((((((((((((.(((((.((.....)).((.....)).((.....)).((.....)).((.....)).))))).(((.....))).(((((.((.....)).((.....)).((.....)).((.....)).((.....)).))))).(((.....))).(((((.((.....)).((.....)).((.....)).((.....)).((.....)).))))).(((.....))).(((((.((.....)).((.....)).((.....)).((.....)).((.....)).))))).(((.....))).(((((.((.....)).((.....)).((.....)).((.....)).((.....)).))))).)))))))))))))))	GUGGUAGGUGGAGGCACUAACAGGAAAAACCAGGAAAAACCACCAAAAAGGAGCAAAAAGCACCAAAAAGGAGUUAGACACAAAAAGUGAGACCGACGAAAAACGACCAAAAAGGAGGAAAAACCAGCAAAAAGCACCAAAAAGGACGGUCACUGAAAAACAGACUCGGACGAAAAACGACCAAAAAGGACCAAAAAGGACGAAAAACGACCAAAAAGGACCGAGACUGAAAAACAGAGUAUCACCAAAAAGGAGCAAAAAGCAGCAAAAAGCACCAAAAAGGACCAAAAAGGAGAUACAGUCAAAAAGACACUGGGACGAAAAACGAGGAAAAACCAGCAAAAAGCAGCAAAAAGCAGGAAAAACCACCCAGAGCCUCCACCUACCAC	GUGGUAGGUGGAGGCACUAACAGGAAAAACCAGGAAAAACCAGCAAAAAGCAGCAAAAAGCGCCAAAAAGGAGUUAGACACAAAAAGUGGGACCCCCGAAAAACGACCAAAAAGGAGGAAAAACCAGCAAAAAGCAGCAAAAAGCAGGGUCAGUGAAAAACACACUCGAAGGAAAAACCACCAAAAAGGACGGAAAACGAGGAAAAACCACCGAAAAGGAUCGAGGCUGAAAAACAGAGUAUCACCAAAAAGGAGCAAAAAGCAGCAAAAAGCACCAAAAAGGACGGAAAACGAGAUACAGUCAAAAAGACACUGGAAGUGAAAAACAGGAAAAACCACCAAAAAGGAGCAAAAAGCAGGAAAAACCAUCCAGAGCCUCCACCUACCAC	34.0	0.0	389.0	0.0	0.0	0.0084311962127685	11.792061805725098	linearbp_onlyA
88	....(((((((((.((....))).)).).)))))....	AAAAGAAAGGGGGAGGAAAACCCACCACACUUUCAAAA	AAAAGAAAGCUCCAUGGAAACGGCGACGACUUUCAAAA	13.0	0.0	38.0	0.0	0.0	0.0863854885101318	10.596073150634766	linearbp_onlyA
91	((..(((((........(.((..((.(.....(....).((((((((.........((......((((.....))))......))...((..((.......(..(......)..)..((..((.....((....)).((((.....(((.....(..((.(...).))..).....))).((((...(.......(..(.((...)).)..).......)...))))........)))).....((((((...)))))).))..))...........))..)).........(..((((....))((((((.....(........).....))))))..))..)...))))))))........).))..)).).....(.......).)))))..)).	GGAACGCCGAAAAAAAACAGCAACGAGAAAAACAAAAGACCGGCGCCAAAAAAAAACGAAAAAAGCCGAAAAACGGCAAAAAACGAAAGGAAGCAAAAAAACAAGAAAAAACAAGAACCAAGCAAAAACGAAAACGAGCCGAAAAACCGAAAAAGAAGGACAAAGACCAACAAAAACGGACCGGAAACAAAAAAACAAGACGAAACGACAAGAAAAAAAGAAACCGGAAAAAAAACGGCAAAAAGGCGCCAAAGGCGCCAGCAAGGAAAAAAAAAAAGCAACCAAAAAAAAACAAGGCGAAAACGGCGCGGAAAAACAAAAAAAAGAAAAACCGCGCAACCAAGAAAGGCGCCGGAAAAAAAACACGAAGCAGAAAAACAAAAAAAGACGGCGAACCA	GGAACGCCUAAAACAAAGGGUAACCGCAAAAAGGAAACAGCGGCGCGAAAAAAAAACUGUAAAGCCCGGAAAACGGGGAAAAAAGAGAGCAGCCAAAAGGAGGGGGAAAUACAACAACAAAGCAAAUACGAAAACGGGCCGAAAAACCCGAAAAGGGACGCAAAGGGUAACGAAAAGGGACCGUGAACAAAAGAGGGACGCGAAACGAGAACAAAAAAGGGAAACGGAAAAAAAACGGCAAAACGGCGCCAAAGGCGCCAGCGGUGGAAAAAAAAAAGGAGGCAUAAGAAAAGGGGGGGGAAACCGGGCAGAAAAUCGAAAAAAAGUAAAACUGCCCAACCAACAAACGCGCCGCAAAAAAAAGGGGGAGCGCAAAAAGGAAAAAACAAGGCGAACCA	98.0	0.0	398.0	0.0	0.0	0.0072641372680664	150.03250789642334	linearbp_onlyA
92	.......((.((.((....)).((...))...)))).((.((.((....)).((...))...)))).((.((.((....)).((...))...)))).......	AAAAAAACGACCAGGAAAACCACCAAAGGAAAGGCGACGAGGACCAAAAGGACGAAACGAAACCCGAGCAGGAGCAAAAGCAGGAAACCAAACCGCAAAAAAA	GAAAUAAGGACGAGGAGAACCAGCAAAGCAAACGCCAGGACCAGGGAAACCAGCAAAGCAAAGGCCACCACCACCGAAAGGAGCAAAGCAAAGGGGAAAAGAA	36.0	0.0	103.0	6.0	0.0	0.0014503002166748	2076.089912414551	linearbp_onlyA
93	........(((((((((((....))))..((((....))))..((((....)))))))))))..(((((((...))))..((((...))))..((((...))))))).........	AAAAAAAACCGAGCCCCGCAAAAGCGGAAGCGCAAAAGCGCAAGCGCAAAAGCGCGGCUCGGAAGACCAAGAAACUUGAAGGGCAAAGCCCAACAACAAAGUUGGUCAAAAAAAAA	AAAAAAAACCGAGCCCCGCAAAAGCGGAAGCGCAAAAGCGCAAGCGCAAAAGCGCGGCUCGGAAGAGGAUCAAAGAUCGAGGGCAAAGCCCAACAACAAAGUUGCUCAAAAAAAAA	9.0	0.0	116.0	0.0	0.0	0.0015759468078613	0.0434911251068115	linearbp_onlyA
94	(((..(((((((.....((((((...)))))).))))..((((((..(((...)))))).(((((...((((....))))....)))))..)))..)))..(((((((.....(((((....)))))......)))((((((((((...)))))(((((...)))))((((((((..(..(..(..(..(..((((....))))..).)..))..).))(((....)))..))))))...))))))))).(((((.((((......(((((((........((((.....))))))))...))).))))((((......((((((((....))))))..(((((...)).(((((...)))))..)))))....)))))))))...)))	GCGAAGCCGGGGAAAAACGGCGCAAAGCGCCGACCCCAACGCGCCAAGGGAAACCCGGCACCGCGAAACCGGAAAACCGGAAAACGCGGAAGCGAAGGCAACGGCGGGAAAAAGGCGGAAAACCGCCAAAAAACCCGCGCCGCCCCAAAGGGGCCCCGGAAACCGGGCCGGCCGCAACAAGAACAACAAGAAGGCGAAAACGCCAACAGAAGCAAGAGCCGCAAAAGCGAAGGCCGGAAAGGCGCGCCGACGGCGACCCGAAAAAACGGGCCCAAAAAAAAGGCGAAAAACGCCGGGCAAACCGACGGGGCGGAAAAAACGGCCGGGAAAACCCGGCAACCCGGAAACCAGCGCGAAACGCGCAAGGGCGAAAACCGCCGCCGAAACGC	UCCUAGGGGGAGGAAAACGGCGCAAAGCGCCGACUCCACGUCAGGUUAGCAAAGCUCCUAGCGCGAAACCGGAAAACCGGAAAACGCGCAUGACAGCCCAAGCCUCGAGAAAAAGCCGAAAACGGCUGAAAAAUCGCCCCCGCCCCAAAGGGGCCCCGGAAACCGGGCCGGCGGCAGGGACAAGAACGGGAGUGCGAAAACGCAAGCAGGGCGGACAGCACCAAAAGGUAACGCCGGAAAGGGGGAGGCAGCACCAGACAAAGAAGGCGGCCCAAAAAAAAGGCGAAAAACGCCGGGCAAACGCAUGUCGUCCUAAAAUGCGCCGGGAAAACCCGGUCUCCCGGAAACCAGCGCGAAACGCGCAAGGGGCUAAUGGACGGUGCAACGGA	116.0	0.0	389.0	7.0	0.0	0.0063457489013671	2890.2226688861847	linearbp_onlyA
95	..(((((((((((((....)))))(((((....))))))))((((((((....)))))(((((....)))))))))))))..	AACACCAAGGAGGACAAAAGUCCUUUUUCAAAAGAAAACCUGGAGGAAGAAAACUUCCAGGUCAAAAGACCUUCCUGGUGAA	AACACCUUCCGGGACAAAAGUCCCUUUUCAAAAGAAAAGGAGGCCGUGGAAAACCGCGGGGUCAAAAGACCCGCCAGGUGAA	20.0	0.0	82.0	0.0	0.0	0.0026106834411621	0.36785888671875	linearbp_onlyA
96	((..(..((....))..(((.(..(.(((...)))..)..)..)))..(..(....)..).(..(....)..).....((....))..)..))..((..(..((....))..(((.(..(.(((...)))..)..)..)))..(..(....)..).(..(....)..).....((....))..)..))..((..(..((....))..(((.(..(.(((...)))..)..)..)))..(..(....)..).(..(....)..).....((....))..)..))..((..(..((....))..(((.(..(.(((...)))..)..)..)))..(..(....)..).(..(....)..).....((....))..)..))	GCAAGAAGGAAAACCAACGGAGAAGACCGAAACGGAACAACAACCGAACAAGAAAACAAGACAAGAAAACAAGAAAAAGCAAAAGCAACAAGCAAGGAAGAACCAAAAGGAACCCACAACACGGAAACCGAAGAAGAAGGGAACAACAAAAGAAGACAACAAAAGAAGAAAAAGCAAAAGCAACAACCAACGAACAAGCAAAAGCAACGCACAACAGCGAAACGCAAGAAGAAGCGAACAACAAAAGAAGAGAAGAAAACAACAAAAACGAAAACGAAGAACGAAGCAACAAGCAAAAGCAACCCACAACACGCAAAGCGAAGAAGAAGGGAAGAAGAAAACAACAGAAGAAAACAACAAAAAGGAAAACCAAGAAGC	GCGACAAGAGAAAUCAACGAAGGGCGCAGAAACUGAAGAACGAUCGAACGACGAAAGGAGAGGACGAAAGGACAAAAAUGGAAACAAAGGAGCAAGCAACAAAGGAAACUAAGCCGGGACACGGAAACCGAGGGACAAGGCAAGGAGGAAACGACAGGACGAGAGGACGAAAACGGAAACGGAGGGGCACGGGACAAGCGAAAGCAAGGCGGGACGGCGAAACGCGAGAACAAGCCAAGGGCGAAAGAACAGGGGGGAACAACAAAAGAGGAAACUAAGGACCAAGGGGCAAGGGAAACCAACCCGAGACAAGCAAAGCUAGGGAUGAGGGAAGAACGAAAGGGCAGGACGAAAGGACAAGACGGGAAACCAAGAACC	129.0	0.0	378.0	28.0	0.0	0.0050985813140869	10240.550880670547	linearbp_onlyA
97	(.(((..(((((....(((((......))))))))))((((...((((.....))))))))(((..(((....)))))).(((...((((...((((......))))))))(((..(((.....))))))((.((....)))).((((....(((..(((......))))))((.((.....))))(((....))).(((((.....((.((......))))(((.....)))((....)).((((((......(((......)))((.....))...(((((((...))))))).......))))))......))))).....))))....)))...)))..)...(.((.((((....((....))((....))((((((...)))))).)))))).)	GACGCAACCCGGAAAACCGGGAAAAAACCCGGCCGGGGGCGAAACGCGAAAAACGCGCGCCCGCAACGCAAAAGCGGCGAGCGAAACCCCAAACGCGAAAAAACGCGGGGGCCCAAGCGAAAAACGCGGGGGACCAAAAGGCCAGGCCAAAAGCCAACGGAAAAAACCGGGCGCACGAAAAACGGCGCGAAAACGCACCCCGAAAAACGAGCAAAAAAGCCGGCCAAAAAGGCGGAAAACCACGCCCGAAAAAACGGAAAAAACCGGGAAAAACCAAAGCCCGCCAAAGGCGGGCAAAAAAACGGGCGAAAAAACGGGGAAAAAGGCCAAAACGCAAAGCGAACAAAGAGCACCGCAAAACGAAAACGCGAAAACGGCCCGGAAACCGGGCAGCGGGCAC	GAGGCAACCCGGAAAACCGGGAAAAAACCCGGCCGGGGGUGAAACGCGAAAAACGCGCACCCACAACGCAAAAGCGGUGAGCGAAACCCCAAACGCGAAAAAACGCGGGGGCCCAAGCGAAAAACGCGGGUGACCGAAAGGCGAGGCCAAAAGCCAACGGAAAAAACCGGGCGCACGAAAAACGGCGGGAAAACCCACCCCGAAAAACGAGCAAAAAAGCCGGCCAAAAAGGCGGAAAACCACGCCCGAAAAAACGGAAAAAACCGGGAAAAACCAAAGCCCGCCAAAGGCGGGCAAAAAAACGGGCGAAAAAACGGGGAAAAAGGCCAAAACGCAUAGCUGACAAACGAGAUCGGGAAACAGAAAUGGCGAAAGCGCCCGGAAACCGGGCACCGACUGG	34.0	0.0	400.0	1.0	0.0	0.0088005065917968	387.2432177066803	linearbp_onlyA
98	...(((((((...))))..((((...))))..((((...)))))))........(((((((...))))..((((...))))..((((...)))))))........(((((((...))))..((((...))))..((((...)))))))........(((((((...))))..((((...))))..((((...)))))))...	AAAGAGGAUGAAACAUCAAGUUGAAACAACAACGGGAAACCCGCUCAAAAAAAACAGCGCCAAAGGCGAAGUAGAAACUACAACUUCAAAGAAGCUGAAAAAAAAGUCCUAGAAACUAGAACCCGAAACGGGAACCCCAAAGGGGGACAAAAAAAACACGUUCAAAGAACAACAAGAAACUUGAACUUGAAACAAGGUGAAA	UAAACCGGUAAAAUACCUACCUGAAACAGGAUCGGGAAACCCGGGUAGUAAAACGGCCGCCAAAGGCGAAGUAGAAACUACAACGGCAAAGCCGGCCAAAAAAAAGAGCUAGAAACUAGAACCCGAAACGGGAACCGCAAAGCGGCUCAAAAAAAACAGGUGCAAAGCACGAGGCGAAACGCCAAGGAGAGACUCCCUGAAA	54.0	0.0	202.0	0.0	0.0	0.0028352737426757	16.770246028900146	linearbp_onlyA
1	(((((......)))))	CAAGUCCCCCCACUUG	CAAGUCCCCCCACUUG	0.0	0.0	16.0	0.0	0.0	0.0032520294189453	0.0279486179351806	linearbp
2	(((((((....(((...........)))((((((((..(((((((((((((((((((...(((((......))))).)))))).)))))))))))))..))))))))..)))))))	GAAUUCUCCCCACACCCCCCCCCCCUGUUCCGAUCUCCUUUUACAUUUGCUAUUCGUCCCAUUCACCCCCCUGAAUCACGAAUCAGCAAAUGUAAAACCAGAUCGGACCAGAAUUC	GAUAUCAAAGCGUCAAAAAAAAAAAGGCUCCGAUCUCCUUUUACAUUUGCUAUUCGUCCCAUUCACCCCCCUGAAUCACGAAUCAGCAAAUGUAAAACCAGAUCGGACAUGAUAUC	26.0	0.0	116.0	0.0	0.0	0.0187404155731201	0.0743181705474853	linearbp
3	((((((.((((....))))))).)))..........	UGAAGUCUGGACCCCUCCAACUCUCACCCCCCCCCC	UGAAGUCUGGACCCCUCCAACUCUCACCCCCCCCCC	0.0	0.0	36.0	0.0	0.0	0.0084986686706542	0.0227973461151123	linearbp
4	((((((((((((((.((((((...........((((((((((((.....((((((((....(((((((((((((........))))))))))....))))))))....))))))....)))))...((((((.......))))))))))............)))))).))))....))))))...))))...	CGCCGACCACCGGCAGCGGCGAAAAAAAAAAAGAAGGACGCCUGAAAAAGUGGCGACAAAAGUGGGGUCGUGCGAAAAAAAACGCACGACCCAAAACACGUCGCAAAACACCAGAAAAGCGUCAAAGAAAUCAAAAAAAGAUUUCCUUCAAAAAAAAAAAACGCCGCAGCCGAAAAGUGGUCAAAGGCGAAA	CGCCGACCACCGGCAGCGGCGAAAAAAAAAAAGAAGGACGCCUGUAAAAGUCCCGACAAAAGUCGGGUCGUGCGAAAAAAAACGCACGACCCUAAGGACGUCGGAAAUGACCAGAAAAGCGUCAAAGAAAUCAAAAAAAGAUUUCCUUCAAAAAAAAAAAACGCCGCAGCCGAAAAGUGGUCAAAGGCGAAA	10.0	0.0	192.0	0.0	0.0	0.0406627655029296	0.5986590385437012	linearbp
5	..(.(..((((((....))))))..).)......((((..(((.(((((((((....)))))....)))))))))))..((((((((....))))))))..	AAGAGAACGCGCGAAAACGCGCGAACACAAAAAACGCGAAGGGACCCCCCGCCAAAAGGCGGAAAAGGGGCCCCGCGAAGCCCGGCCAAAAGGCCGGGCAA	AACGCGGGGCGCGAAAACGCGCCAAGGGGAAAAACGCGAAGGGACCCCCCGCCAAAAGGCGGAAAAGGGGCCCCGCGGAGCCCGGCCAAAAGGCCGGGCAA	12.0	0.0	101.0	0.0	0.0	0.0138461589813232	0.0408651828765869	linearbp
6	(((((((((((........)))).((...............))....(((((.......))))))))))))....(((((((..((((........))))(((.............)))....(((((.......))))))))))))....(((((((..((((........))))((((((.......))))))....(((((.......))))))))))))....(((((((..((((........))))((((((.......))))))....(((((.......))))))))))))....(((((((..((((........))))((((((.......))))))....(((((.......))))))))))))....	CCCUCGCGCCGAAAAAAAACGGCAGCAAAAAAAAAAAAAAAGCAAAACCGAGAAAAAAACUCGGGCGAGGGAAAAGAGGGGGAACAGUAAAAAAAAACUGGUGAAAAAAAAAAAAACACAAAAGACCGAAAAAAACGGUCCCCCCUCAAAAGUGGUAGAACCCCAAAAAAAAGGGGGAUCGCAAAAAAAGCGAUCAAAACAGCGAAAAAAACGCUGCUACCACAAAAGUCCAAGAAGUAGAAAAAAAACUACCAACCGAAAAAAACGGUUGAAAACUGCGAAAAAAACGCAGCUUGGACAAAAGAGCGCGAACCCGAAAAAAAACGGGCAGCACAAAAAAAGUGCUGAAAAGUACUAAAAAAAAGUACCGCGCUCAAAA	CCCUCGCGCCGAAAAAAAACGGCAGCAAAAAAAAAAAAAAAGCAAAACCGAGAAAAAAACUCGGGCGAGGGAAAAGAGGGGGAACAGUAAAAAAAAACUGGUGAAAAAAAAAAAAACACAAAAGACCGAAAAAAACGGUCCCCCCUCAAAAGUGGUAGAACCCCAAAAAAAAGGGGGAUCGCAAAAAAAGCGAUCAAAACAGCGAAAAAAACGCUGCUACCACAAAAGUCCAAGAAGUAGAAAAAAAACUACCAACCGAAAAAAACGGUUGAAAACUGCGAAAAAAACGCAGCUUGGACAAAAGAGCGCGAACCCGAAAAAAAACGGGCAGCACAAAAAAAGUGCUGAAAAGUACUAAAAAAAAGUACCGCGCUCAAAA	0.0	0.0	379.0	0.0	0.0	0.0435931682586669	0.1373090744018554	linearbp
7	.....((((((((...((((((((((..((((..........))))..((((..........))))..((((..........))))..))))))))))...((((((((((..((((..........))))..((((..........))))..((((..........))))..))))))))))...((((((((((..((((..........))))..((((..........))))..((((..........))))..))))))))))...)))))))).....	AAAAAGCGAUGGCAAAGGCAAGCCCGAACACUAAAAAAAAAAAGUGAACCGGAAAAAAAAAACCGGAAGAAGAAAAAAAAAACUUCAACGGGCUUGCCAAACACCUAUGCCAACAGUAAAAAAAAAAACUGAAGAACAAAAAAAAAAGUUCAAGCGCAAAAAAAAAAGCGCAAGGCAUAGGUGAAAGAUCCAUGGCAAGGGGAAAAAAAAAACCCCAACCCCAAAAAAAAAAGGGGAAGCCCAAAAAAAAAAGGGCAAGCCAUGGAUCAAAGCCAUCGCAAAAA	AAAAAGCGAUGGCAAAGGCAAGCCCGAACACUAAAAAAAAAAAGUGAACCGGAAAAAAAAAACCGGAAGAAGAAAAAAAAAACUUCAACGGGCUUGCCAAACACCUAUGCCAACAGUAAAAAAAAAAACUGAAGAACAAAAAAAAAAGUUCAAGCGCAAAAAAAAAAGCGCAAGGCAUAGGUGAAAGAUCCAUGGCAAGGGGAAAAAAAAAACCCCAACCCCAAAAAAAAAAGGGGAAGCCCAAAAAAAAAAGGGCAAGCCAUGGAUCAAAGCCAUCGCAAAAA	0.0	0.0	284.0	0.0	0.0	0.0467364788055419	0.0691378116607666	linearbp
8	((((...)))).	UGUUCCCAACAC	CGUGAAACACGC	7.0	0.0	12.0	0.0	0.0	0.0348515510559082	0.008636474609375	linearbp
9	(((.(((((((...))))..))))))...(((.(((((((...))))..))))))...(((.(((((((...))))..))))))...(((.(((((((...))))..))))))...(((.(((((((...))))..))))))...(((.(((((((...))))..))))))...(((.(((((((...))))..))))))...(((.(((((((...))))..))))))...(((.(((((((...))))..))))))	UGUCUCAAAUUCCCAAUUCCUGAACACCCUGACUGUACGUCCCACGUCCACAUCACCCUGACUGUUUAACCCUUAACCACAUCACCCUGUCUGAUCGACCCUCGACCUCAACACCCACACAGAACAUCCCAUGUCCUCUUGUCCCACACUCAUCGACCCUCGACCUGAUGUCCCUGUCUGAACCACCCUGGUCCUCAACACCCAGACUGUUGGUCCCACCACCACAUCUCCCAGUCAGAUGCACCCUGCACCUCUACU	GUGACCCGAAGAAACUUCAAGGGCACUAAGACUCGUACGUCCAACGUUAACGGUCACAUGAUACACUAACCCUUAGAAUGUUCAGAACGAUAGCCCGCACAGCGGAUGCUUCGAAACCGUGCCACAUACAAUGUUAGGCCGGCUCUCCAGCUCUGACCCUCAGCUAGCGGACAACUCUCGCGGUACCCUACCCAGUGGAGACACUUACCCGCGCCCCGCGUCUGGGAAGAAAUCGACAGUGCACCCUGCAUCCUGCGA	163.0	0.0	258.0	0.0	0.0	0.0310449600219726	48.86571431159973	linearbp
10	..........((((....))))((((....))))((((...))))	CCCCCCCCCCUAAACCCCUUUAUUUUCCCCAAAAUGUUCCCAACA	ACAAAAAAAAUACACCCCUGUAGUUUGAAAAAACGGUUCCCAACC	19.0	0.0	45.0	0.0	0.0	0.0050611495971679	0.1149897575378418	linearbp
11	((((((.((((((((....))))).)).).))))))	CCUUUCACCCCCUUGAAAACAAGGAGGAGAGAAAGG	CCUUUCACCCCCUUGAAAACAAGGAGGAGAGAAAGG	0.0	0.0	36.0	0.0	0.0	0.1489458084106445	0.0060770511627197	linearbp
12	((((....))))...(((((((..(((((((.......))))))))))))))...((((((((......(((((((.(((((((.......))))))))))))))...((((((((((((((.......))))))).)))))))......))))))))...((((((((((((((.......)))))))..)))))))...((((....))))	GACUAAAAAGUCAAACAACCAGAACUUUCCGAAAAAAACGGAAAGCUGGUUGAAAGGCCCUAGAAAAAACGGAAUCAGGGAAAGAAAAAAACUUUCCCGAUUCCGAAAGUUUGCCGAGCCCCAAAAAAAGGGGCUCAGGCAAACAAAAAACUAGGGCCAAACUCCUACGGCAAUGAAAAAAACAUUGCCAAGUAGGAGAAACCGCAAAAGCGG	GACUAAAAAGUCAAACAACCAGAACUUUCCGAAAAAAACGGAAAGCUGGUUGAAAGGCCCUAGAAAAAACGGAAUCAGGGAAAGAAAAAAACUUUCCCGAUUCCGAAAGUUUGCCGAGCCCCAAAAAAAGGGGCUCAGGCAAACAAAAAACUAGGGCCAAACUCCUACGGCAAUGAAAAAAACAUUGCCAAGUAGGAGAAACCGCAAAAGCGG	0.0	0.0	213.0	0.0	0.0	0.0315387248992919	0.0564987659454345	linearbp
13	((((((((((((((((((((((((((...))))))....)))))))....))))))....)))))))	AAGGGGGGGGUUCCUUGGAGGUUUUGAAACAAAACAAAACUCCAAGAAAAGAACCCAAAACCCCCUU	AAGGGGGGGGUUCCUUGGACCUUUUGAAACAAAAGUAAAGUCCAAGAAAAGAACCCAAAACCCCCUU	5.0	0.0	67.0	0.0	0.0	0.0169827938079834	0.0313374996185302	linearbp
14	.....((...((....))...((....))...((....))...((....))...((....))...((....))...))....................	CCCCCUACCCACAAAAGUCCCUUCCCCAACCCUACCCCUACCCUUCCCCAACCCUGAAAACACCCUACCCCUACCCUACCCCCCCCCCCCCCCCCCCC	GAAAAGCAAAGGGCAACCAACGUGAAAACAAAGAGCCAUCAACGAGAAAUCAAAGGGAAACCGAACCGAAAGGGAAGCAAAAAAAAAAAAAAAAAAAA	83.0	0.0	98.0	0.0	0.0	0.0113263130187988	1.7145488262176514	linearbp
15	(((((.....))..((.........)))))	UAAACAAAAAGUCCAGAAAAAAAAACUUUA	GCCGCGAAAAGCAUUGGAAAAAAAACAGGC	14.0	0.0	30.0	0.0	0.0	0.0041611194610595	0.2160506248474121	linearbp
16	............((....))...((...((....))..((...((....))...))..((....))...))..((....))........................	CCCCCCCCCCCCUGAAAACACCCAGAAAGCAAAAGCAAGCAAACUCCCCAGAAAGCAAGCAAAAGCAAACUCCUUCCCCAACCCCCCCCCCCCCCCCCCCCCCCC	GAGAAAAAAGACGGGAAACCAAACCAAACGGAGACGAAGCUAAGUGAAAACAAUGCAAGCAAAAGCAAAGGGAGCGAAAGCAAAAAAACAAAAAAAAAAAAAAGA	68.0	0.0	105.0	0.0	0.0	0.0108075141906738	2.2319765090942383	linearbp
17	.....((....((....))....((....))....((....))....((....))....((....))....((....))....))....................	AAAAAGACCCCUUCCCCAACCCCAUCCCCAUCCCCAGAAAACUCCCCUACCCCUACCCCUCAAAAGACCCCUGAAAACACCCCUCAAAAAAAAAAAAAAAAAAAA	CAAAAGCAAACGCGAAAGCAGAAGGGAAACCAAAACGGAAACGAAAAGCGAAAGCACAAGAGAAAUCAAAGCCGAAAGGAAACGUAAAAAAAAAAAAAAAUAAAA	67.0	0.0	105.0	0.0	0.0	0.0084950923919677	1.3106050491333008	linearbp
18	((((((.....(((....(((...(((((.............)))))....)))..)))..))))))	UUUUCACCCCCAGACCCCAGUCCCUUUCUCCCCCCCCCCCCCAGAAACCCCACUCCUCUCCUGAAAA	CCUCCAGCCCCAGACCCCAGUCCCUUUCUCCCCCCCCCCCCCAGAAACCCCACUCCUCUCAUGGAGG	8.0	0.0	67.0	0.0	0.0	0.0100746154785156	0.0445950031280517	linearbp
19	.....((((.(((((....)).))).(((.(((....)))))).((((((....)).)))).(((((....))).)))))).......................	AAAAAGGCGACCGGCAAAAGCACGGACCCAGGCAAAAGCCGGGACGGCGCAAAAGCAGCCGAGCGGCAAAAGCCAGCCGCCAAAAAAAAAAAAAAAAAAAAAAA	AAAAAGGCGACCGGCAAAAGCACGGACCCAGGCAAAAGCCGGGACGGCGCAAAAGCAGCCGAGCGGCAAAAGCCAGCCGCCAAAAAAAAAAAAAAAAAAAAAAA	0.0	0.0	104.0	0.0	0.0	0.0088253021240234	0.0244121551513671	linearbp
20	(((((((.(.(.(.(((((((....)))))))))))))))))	UUUUUUUCUCUCUCUUUUUUUCCCCAAAAAAAAAAAAAAAAA	CUCUUUAUGAGAGCUUUUAUUGCCAAAUAAAACCCUAAAGAG	19.0	0.0	42.0	0.0	0.0	1.1554646492004397	0.0400116443634033	linearbp
21	.....((((((((....))))((((.((((....))))(((((....))))).((((....))))))))((((....))))))))....................	AAAAACGGAUUAGAAAACUAAAGCCAGUAGAAAACUACCUAACAAAAGUUAGAGAGUAAAAACUCGGCUUCGGAAAACCGAUCCGAAAAAAAAAAAAAAAAAAAA	AAAAACGGACUCGAAAACGAGAGCCAGUAGAAAACUACCUAACAAAAGUUAGAGAGUAAAAACUCGGCUGCGGAAAACCGCUCCGAAAAAAAAAAAAAAAAAAAA	6.0	0.0	105.0	0.0	0.0	0.0087521076202392	0.0540022850036621	linearbp
22	................................................................................................................................................................................................................................................................................................................................................................................................................	AAAAAAAAAAAAAAAAAAAAAAAAAAAAAAAAAAAAAAAAAAAAAAAAAAAAAAAAAAAAAAAAAAAAAAAAAAAAAAAAAAAAAAAAAAAAAAAAAAAAAAAAAAAAAAAAAAAAAAAAAAAAAAAAAAAAAAAAAAAAAAAAAAAAAAAAAAAAAAAAAAAAAAAAAAAAAAAAAAAAAAAAAAAAAAAAAAAAAAAAAAAAAAAAAAAAAAAAAAAAAAAAAAAAAAAAAAAAAAAAAAAAAAAAAAAAAAAAAAAAAAAAAAAAAAAAAAAAAAAAAAAAAAAAAAAAAAAAAAAAAAAAAAAAAAAAAAAAAAAAAAAAAAAAAAAAAAAAAAAAAAAAAAAAAAAAAAAAAAAAAAAAAAAAAAAAAAAAAAAAAAAAAAAAAAAAAAAAAAAA	AAAAAAAAAAAAAAAAAAAAAAAAAAAAAAAAAAAAAAAAAAAAAAAAAAAAAAAAAAAAAAAAAAAAAAAAAAAAAAAAAAAAAAAAAAAAAAAAAAAAAAAAAAAAAAAAAAAAAAAAAAAAAAAAAAAAAAAAAAAAAAAAAAAAAAAAAAAAAAAAAAAAAAAAAAAAAAAAAAAAAAAAAAAAAAAAAAAAAAAAAAAAAAAAAAAAAAAAAAAAAAAAAAAAAAAAAAAAAAAAAAAAAAAAAAAAAAAAAAAAAAAAAAAAAAAAAAAAAAAAAAAAAAAAAAAAAAAAAAAAAAAAAAAAAAAAAAAAAAAAAAAAAAAAAAAAAAAAAAAAAAAAAAAAAAAAAAAAAAAAAAAAAAAAAAAAAAAAAAAAAAAAAAAAAAAAAAAAAAAA	0.0	0.0	400.0	0.0	0.0	0.1451814174652099	0.0505678653717041	linearbp
23	((....)).((....))	GGAAAACCACCAAAAGG	GGAAAACCAGCGAAAGC	3.0	0.0	17.0	0.0	0.0	0.0239548683166503	0.0131025314331054	linearbp
24	.....(.((((..(((((........)))))..(((.(((.(((((.....))))).((((....)))).))))))..)))).)....................	CCCCCUCUUUUCCAAUAUCCCCCCCCAUAUUCCUAACUUUCAUUUUCCCCCAAAAUCAAUACCCCUAUUCAAAUUACCAAAACACCCCCCCCCCCCCCCCCCCC	CCAAAAGCUGAAAGAUACAAAAAAAAGUAUUACGACAUUCACUUUUCCCCCAAGAGACAUACCCCUAUGAGAAGUCAAUCAGGUGCCCCCCCCCCCCCCCCCCC	45.0	0.0	104.0	0.0	0.0	0.0087153911590576	0.7061948776245117	linearbp
25	(((.....(((.....(((.....(((.....(((........))).))).))).))).)))	GGGAAAAAGACAAAAACACAAAAACACAAAAACUGAAAAAAAACAGAGUGAGUGAGUCACCC	CCCUAAAUUCCAAAAAGGCGAAAGGGCAAAAAUCGAAAAAAAACGAAGCCAGCCAGGACGGG	27.0	0.0	62.0	0.0	0.0	0.0083534717559814	4.818550109863281	linearbp
26	..((((((((.....)).))))))..	AACCCUUGGUCCCCCACACAAGGGAA	AACCCUUGGUCCCCCACACAAGGGAA	0.0	0.0	26.0	0.0	0.0	0.0041234493255615	0.0250816345214843	linearbp
27	.....(((((.(.(.((.(.(((((((((....))))))))))))))))))).....	AAAAACCCACACACACCACACCUGGGGUUCCCCAACCCCAGGGGGGGGUGGGAAAAA	AAAAACCCACACACACCACACCUGGGGUUCCCCAACCCCAGGGGGGGGUGGGAAAAA	0.0	0.0	57.0	0.0	0.0	1.2822544574737549	0.0074162483215332	linearbp
28	...((((..(((((.....)))))..(((((...)))))..(((((.....)))))..(((((...)))))..(((((.....)))))..(((((.....))))).((((((((((((((((((((((((((((......))))).(((((.............((((.........................................)))).............)))))(((((....))))).)))))))))))))))))))))))..(((((.....)))))..(((((.....)))))..(((((.....)))))..(((((.....)))))..(((((....)))))..(((((.....))))).))))...	AAAGCGGAACACCCAAAAAGGGUGAACAGGGAAACCCUGAAGCCCUAAAAAAGGGCAAGUUACAAAGUAACAACAUAGAAAAACUAUGAAGAGCGAAAAACGCUCAGAUCCCCCGAAGGUUCGUAGGAGGGCUCAAAAAAGAGCCACCCUGAAAAAAAAAAAAAGGCCAAAAAAAAAAAAAAAAAAAAAAAAAAAAAAAAAAAAAAAAAGGCCAAAAAAAAAAAAACAGGGCAACUAAAAAGUUGACUCCUACGAACCUUCGGGGGAUCAACCGGUAAAAAACCGGAAGCGGUAAAAAACCGCAAGGCGUAAAAAACGCCAACAUACAAAAAGUAUGAACCGUGAAAACACGGAAGUAGUAAAAAACUACACCGCAAA	AAAGCGGAACACCCAAAAAGGGUGAACAGGGAAACCCUGAAGCCCUAAAAAAGGGCAAGUUACAAAGUAACAACAUAGAAAAACUAUGAAGAGCGAAAAACGCUCAGAUCCCCCGAAGGUUCGUAGGAGGGCUCAAAAAAGAGCCACCCUGAAAAAAAAAAAAAGGCCAAAAAAAAAAAAAAAAAAAAAAAAAAAAAAAAAAAAAAAAAGGCCAAAAAAAAAAAAACAGGGCAACUAAAAAGUUGACUCCUACGAACCUUCGGGGGAUCAACCGGUAAAAAACCGGAAGCGGUAAAAAACCGCAAGGCGUAAAAAACGCCAACAUACAAAAAGUAUGAACCGUGAAAACACGGAAGUAGUAAAAAACUACACCGCAAA	0.0	0.0	378.0	0.0	0.0	0.0372209548950195	0.1633546352386474	linearbp
29	.....((((((((..((((....))))..)))).((((..(...)..)))).((((..(..(((.....)))..)..))))))))....................	AAAAAGGCCGGGCAACGGCAAAAGCCGAAGCCCAGGCGAACAAAGAACGCCAGCGGAACAAGCCAAAAAGGCAAGAACCGCGGCCAAAAAAAAAAAAAAAAAAAA	AAAAAGGCCGGGCAACGGCAAAAGCCGAAGCCCAGGCGUACAAAGGGUGCCAGCGUAACAGGCCAAAAAGGCAAGAGACGCGGCCAAAAAAAAAAAAAAAAAAAA	8.0	0.0	105.0	0.0	0.0	0.0091829299926757	0.2079384326934814	linearbp
30	.(((((((((((...)))))....)))))).	CUGUUCAACCCUCCCAGGGUCCCCUGAACAC	CUGUUCAACCCUCCCAGGGUCCCCUGAACAC	0.0	0.0	31.0	0.0	0.0	0.0054969787597656	0.0238535404205322	linearbp
31	.....((((.((((((.(((.(((((.((((.((((.((.((.((.((.((.((.....)))))))))))))))))))))))))))))))))))))).....	AAAAAGAAGAGACCUCACUCACCCAGAGAACACUUGAGGAGGAGGAGGAGGAGGAAAAACCCCCCCCCCCCCAAGGUUCCUGGGGAGGAGGUCCUUCAAAAA	AAAAAGAAGAGACCUCACUCACCCAGAGAACACUUGAGGAGGAGGAGGAGGAGGAAAAACCCCCCCCCCCCCAAGGUUCCUGGGGAGGAGGUCCUUCAAAAA	0.0	0.0	102.0	0.0	0.0	0.0145342350006103	0.0236847400665283	linearbp
32	.............................((((......((((....((((...((((..((((.((((.....)).)).)).))..)).))...)).)).....)).))......)).)).	AAAAAAAAAAAAAAAAAAAAAAAAAAAAACAAACCCCCCACCUCCCCUCCUCCCUCCACCACCACACCACCCCCUGAGUCUGAGUCCUGAGACCCAGAGACCCCCAGAGUCCCCCCUUCUGA	UAUAAACGAAUCAAAAAAAAAAAAAAAGAGCCUAGCCACACCAGAUGCGCAAAGUAGGAGGCCACACACGUAAAGUCGUCUGAGCAACCGUAGCCUGUCGAAAAAUGAGUCCAACGAGAGCA	67.0	0.0	122.0	0.0	0.0	0.0164508819580078	3.921283006668091	linearbp
33	.......(.(.(.(.(.((.((.(....).)).)).).).).).)	AAAAAAACACACACACACCACCACAAAAGAGGAGGAGAGAGAGAG	AAAAAAAGGGAUGAGAGCCACUGAGGAAUGAGAGGGUGUGAACGC	26.0	0.0	45.0	0.0	0.0	0.244084358215332	0.0634965896606445	linearbp
34	.....((((.(((((....))))).(((....))).)).))....((((.(((....))).(((....))).))))....................	CCCCCAUAGAGAAUUCCCCAAUUCAGAUCCCCAUCACUCAUCCCCUAUUCAUUCCCCAAUCACUAAAAAGUCAAUACCCCCCCCCCCCCCCCCCCC	GCAAAGUCCAGAAUUCCCCAAUUCAAACGAAAGUUAGGUACAAAAGGCUAAUCGAAAGAUACCCGUAAGGGAAGCCACUCCCCCCCCCCCCCCCCC	46.0	0.0	96.0	0.0	0.0	0.007786750793457	1.268042802810669	linearbp
35	.(((.(((...(((.(((...))).(((....))).)))...(((.(((....))).(((...))).)))...(((.(((....))).(((...))).)))...))).(((...))).)))..	AGUCACACAAACAGACGUAAAACGAGAGAAAACUCACUGAAACACACUCAAAAGAGAGUGAAACACAGUGAAAGACACUGAAAACAGAGUCAAAGACAGUCAAAGUGAGUGAAACACAGACAA	AUCCACGCAACGGCACGGAAACCGAGAGAAAACUCAGCCAAACCCACUCAAAAGAGCGUGAAACACAGGGAACGCCACUGAAAACAGAGUCAAAGACAGGCAAAGCGACGGAAACCGGGGAAA	26.0	0.0	123.0	0.0	0.0	0.0123453140258789	1.616142511367798	linearbp
36	.....(((((((...((((...((((...((((.........(((((............)))))...))))....((((..........))))...))))...(((........)))...))))..((......))...))))))).....	CCCCCUCCUUCACCCUCCUCCCUUAUCCCUAUUCCCCCCCCCUGGGACCCCCCCCCCCCUCCCACCCAAUACCCCAGGUCCCCCCCCCCACCUCCCAUAACCCUCACCCCCCCCUGACCCAGGACCAACCCCCCUUCCCUGAAGGACCCCC	CCCCCUCCUUCUCCAGCCUCCAGUGCACCUAUCGCCCCCCCAUGCGACCCCCCCACCCCUCGCAGAAGAUGAAAACGGUCCCCCCCCCCACCGAACGCACAACCCACCCCCCCCUGGACCAGGCACGACCCCCCUCAAAGGAAGGACCCCC	43.0	0.0	151.0	0.0	0.0	0.0150208473205566	2.330850124359131	linearbp
37	.....((.((..(((((.(((....)))(((....)))))).....((((((....)))(((....))).)))))..)).)).....................	AAAAAGGACGAACCGAGACUCAAAAGAGCUCAAAAGAGCUCAAAAAGACCAGAAAACUGGUCAAAAGACAGUCGGAACGACCAAAAAAAAAAAAAAAAAAAAA	AACAAGAGUGGAGUGGGAGCACAAAUGCGCCGAAAGGCCCCUGAACCCCCCUGAAAAGGUCCAAAAGGAAGGGACGGCAGUCAAUAAAAAAAAAAAAAAAAAA	45.0	0.0	103.0	1.0	1.0	0.0136809349060058	4.380061864852905	linearbp
38	...((....))....(((((((((.........)))))))))....((((.....)))).....(((....)))...(((((.......)))))....(((...((....)).....(((....)))....((((((.......))))))....(((....))).....((((((....(((.......)))..(((........)))...(((((......)))))...((((.....))))..)))))).........((....)).....((....))......(((((..........)))))......)))	CCCUACCCCUACCCCUUUCGCAAACCCCCCCCCUUUGCGAAACCCCAUAUCCCCCAUAUCCCCCUGUCCCCACACCCAUAGACCCCCCCUCUAUCCCCUCACCCUUCCCCAACCCCCACUCCCCAGUCCCCUAUCUUCCCCCCCAAGAUACCCCACACCCCUGUCCCCCAAACCUCCCCUCUCCCCCCCAGACCAGUCCCCCCCCACUCCCUCGCACCCCCCUGCGACCCUUUUCCCCCAAAACCAGGUUUCCCCCCCCCAACCCCUUCCCCCAACCCCUUCCCCCCAUUGUCCCCCCCCCCACAAUCCCCCCUGA	AUAGCGAAAGCAAUAAUUCGCAAACCCCCCCCCUUUGCGAAUACCCACACAAAAAGUGUCCCCAGCUGCCAAGCAAACUAGACCCCCCCUCUAGCACAGGCAACGCAAAAGCAAAACGACGAAAGUCACCAUAUCUUCCCCCCCAAGAUACCCAGCACCCCUGCAAAACGAACCGACCACGUCCCCCCCACGAAGGCGAACGAAAGCCACACCGCACCCCCCUGCGGACAUAGUCCCCCACUGAACGGUUCCCCCCCCCACGGAAACGGAAACGCGAAAGCAAUAAAUUUGUCCCCCCCCCCACAAAAAAAAAGCC	151.0	0.0	316.0	0.0	0.0	0.0416414737701416	36.33644723892212	linearbp
39	(((((.((((((.((((((.((((((.((((((.((((((....((((((......)))))).)))))).(((((...(((((((...)))))))))))).)))))).((((((((((((...)))))))...))))).))))))....))))))....))))))....)))))	AAUAUCUCCAAACAGCGGACUCCCGACUCGGGACACCCCACCCCAGCAUACCCCCCUAUGCUCUGGGGUCUUUCUCCCACCCCCACCCUGGGGGUAGAAACUCCCGACAAACAUGAACCUCCCAGGUUCACCCUGUUUCUCGGGACCCCUCCGCUCCCCUUUGGACCCCAUAUU	CAGAGAACCAAACAGCGGACUCCCGCACCAGGACACCCCACCCCAGCAUACCCCCCUAUGCUCUGGGGUCUUUCUCCCACCCCCACCCUGGGGGUAGAAACUCCUGGAAAACAUGAACCUCCCAGGUUCACCCUGUUUAGCGGGACCCCUCCGCUCCCCUUUGGUAAAGCUCUG	22.0	0.0	174.0	0.0	0.0	0.0274736881256103	0.5656328201293945	linearbp
40	..((((((((.....))))((((.....))))))))..	AACUCCACCCAAAAAGGGUCCUCAAAAAGAGGGGAGAA	AACUCCACCCAAAAAGGGUCCUCAAAAAGAGGGGAGAA	0.0	0.0	38.0	0.0	0.0	0.0085132122039794	0.0094187259674072	linearbp
41	((....)).((....)).((....)).((....))	AGAAAACUCUUCCCCAACACAAAAGUCAACCCCUU	GGGGAACCAGGUAAACCAGCAAAAGCAGCGAAAGC	25.0	0.0	35.0	0.0	0.0	0.004472017288208	0.1953270435333252	linearbp
42	.....((((.((((.....((((...)))).))))...(((..((((((...)))...)))((((((...)))...))).)))...(((...(((....))).))).)))).....	CCCCCUAUACAGGUCCCCCUGCACCCUGCACACCUCCCAGACCAGAUCACCCUGACCCUCUUCAUGACCCUCACCCUGACUCUCCCACUCCCACUCCCCAGUCAGUCUAUACCCCC	UGUAACAGUAAGGACCUAAUGUGAGACACGAUCCUAAAGGGACGCUAGCAAAGCUCAAAGCCUCGGCAAAGCCUCAGAGACCCAAACCUGCAACAGAAAUGUAAGGAGCUGACCCC	83.0	0.0	116.0	0.0	0.0	0.0160169601440429	4.87482476234436	linearbp
43	.....(((((..((..((..(((..(((..((..((...)).)).))).))).)).)).))))).....................	CCCCCUCCCACCAACCAACCAGACCACACCAACCAACCCUUCUUCUGUCUCUCUUCUUCUGGGACCCCCCCCCCCCCCCCCCCCC	CCCCCUCCCACCAGUUGACCAGACCACUAACGACGCAAAGCCCGAAGUAUCUCUCUCUCUGGGACCCCCCCCCCCCCCCCCCCCC	25.0	0.0	85.0	0.0	0.0	0.015488862991333	0.3496382236480713	linearbp
44	.....(((.(((((....)).)))(((.((....))))).)))....................	AAAAAGCGACCGGGAAAACCACGGCGGAGCAAAAGCCCGACGCAAAAAAAAAAAAAAAAAAAA	AAAAAGCGACCGGGAAAACCACGGCGGAGCAAAAGCCCGACGCAAAAAAAAAAAAAAAAAAAA	0.0	0.0	63.0	0.0	0.0	0.0075209140777587	0.0095765590667724	linearbp
45	(((((((((....))))(((((....)))))(((((....)))))((((....))))))))).	CGCCCAGCGAAAACGCUUAUUGAAAACAAUAUGCUCAAAAGAGCAUGCCAAAAGGCAGGGCGA	CGCCCAGCGAAAACGCUUAUUGAAAACAAUAUGCUCAAAAGAGCAUGCCAAAAGGCAGGGCGA	0.0	0.0	63.0	0.0	0.0	0.008878469467163	0.0129129886627197	linearbp
46	.....((((((((((((....))))((((....))))))))((((((((....))))((((....))))))))))))....................	CCCCCUCCCAACCUUCACCCCUGAAAAGUCCCCACUUGGUUUUUUGUUUCCCCAAACUUGACCCCUCAAAAAAGGGACCCCCCCCCCCCCCCCCCCC	CCCCCUGCUGGCCGUUAACCAUAACCUGUCCCCACAGGGCCUGCUGGUUCCCCAACCUCGACCCCUCGAAGCAAGCAAACCCCCCCCCCCCCCCCCC	28.0	0.0	97.0	0.0	0.0	0.0221838951110839	0.6835854053497314	linearbp
47	((((......(((((...))).((....)).........)).....))))	UAUCAAAAAAGCCACAAAGUGAGCAAAAGCAAAAAAAAAGCAAAAAGAUA	CACCAAAAAAGCCCGAAACGGACCGACAGGAAAAAAAACGCGAAGGGGUG	16.0	0.0	50.0	0.0	0.0	0.0076053142547607	0.1367137432098388	linearbp
48	.....((((((((...)))).((((((((...))))..((((...))))..((((...)))))))).((((...))))))))....................	CCCCCACGUAAAGAAACUUUCUCCGCUACAAAGUAGAACGGUCCCACCGAACGGGAAACCCGCGGACAGCUCCCAGCUACGUCCCCCCCCCCCCCCCCCCCC	CCCCCAAGCGCCCAAAGGGCAGCGGCUACAAAGUAGAACGGUCCCACCGAACGGGAAACCCGCCGCGAGCUCCCAGCUGUUUACCCCCCCCCCCCCCCCCCC	20.0	0.0	102.0	0.0	0.0	0.0131628513336181	0.2960305213928222	linearbp
49	.....(((.(..(.(((((.((((.((...)))).))))((((((...)).))))..(((...)))...))).)..).)))....................	CCCCCUUACACCUCUUAAUCUAUACUACCCUAUACUAAUUAAAAUCCCAUCUUUACCAAUCCCAUUCCCUAACACCUCUAACCCCCCCCCCCCCCCCCCCC	CCCCAGGCGACAAGCUCGGAGGAGACGAAACGCUACCCCGCAGGCAAAGCUCUGCUACAGAAACUGAAAGAGGUCAUGGCCACAAAAAAAAAAAAAGAAAA	86.0	0.0	101.0	0.0	0.0	0.013195514678955	2.028635263442993	linearbp
50	.....((((.(((((....))....))).(((....))).)).)).....((((.((((....))...)).(((....))).))..))....................	CCCCCAUUACUGUUUAAAAAACCCCACACACUAAAAAGUCUACAUCCCCCUUAACUGCUCCCCAGAAACACUUUCCCCAAACUUCCAACCCCCCCCCCCCCCCCCCCC	UGAAAGGACACGCAGGAAACUUAAAGCGAGCCGAAAGGCAGUACCAAGAAGCGCAGGACGAAAGUAAACCAGGGGAAACCCAGCAAGCAAAAAAAAAAAAAAAAAAAA	93.0	0.0	108.0	1.0	0.0	0.0135021209716796	584.7253677845001	linearbp
51	((((((.((((((....)))))).(((....))).(((....))).((((((....)))))).(((....))).((((((....)))))).(((....))).(((....))).((((((....)))))).(((....))).((((((....)))))).(((....))).(((....))).((((((....)))))).(((....))).((((((....)))))).(((....))).(((....))).((((((....)))))).(((....))).((((((....)))))).(((....))).(((....))).((((((....)))))).))))))	CUGGUGAGAAGGCAAAAGCCUUCACACAAAAGUGAGUGAAAACACAGUUGGGAAAACCCAACACACAAAAGUGACUAUACAAAAGUAUAGAGAGAAAACUCACUGAAAACAGACAUAAGAAAACUUAUGACAGAAAACUGAGAAUUCAAAAGAAUUCACCUAAAAAGGACACAAAAGUGAGCGAUCAAAAGAUCGCACAGAAAACUGACUUCCGAAAACGGAAGACAGAAAACUGACUGAAAACAGACCCAUGAAAACAUGGGACGUAAAAACGAGGGCGCAAAAGCGCCCACCUAAAAAGGAGUCAAAAGACACGGCCCAAAAGGGCCGACACCAG	CUGGUGAGAAGGCAAAAGCCUUCACACAAAAGUGAGUGAAAACACAGUUGGGAAAACCCAACACACAAAAGUGACUAUACAAAAGUAUAGAGAGAAAACUCACUGAAAACAGACAUAAGAAAACUUAUGACAGAAAACUGAGAAUUCAAAAGAAUUCACCUAAAAAGGACACAAAAGUGAGCGAUCAAAAGAUCGCCCAGAAAACUGACUUCCGAAAACGGAAGAUCGAAAACGAACUGAAAACAGACCCAUGAAAACAUGGGACGUAAAAACGAGGGCGCAAAAGCGCCCACCUAAAAAGGAGUCAAAAGACACGGCCCAAAAGGGCCGACACCAG	5.0	0.0	337.0	0.0	0.0	0.0467073917388916	0.4017398357391357	linearbp
52	((......((......))......(((......((......))......((......))......)))......)).....	GCAAAAAACCAAAAAAGGAAAAAACUGAAAAAAGCAAAAAAGCAAAAAACGAAAAAACGAAAAAACAGAAAAAAGCAAAAA	GCGAAAAAGGGAAAAACCAAAAAAGCCAAAAAAGCAAAAAAGCAUAAAAACGAAAAAGUAAAAAAGGCAAAAAGGCAAAAA	19.0	0.0	81.0	0.0	0.0	0.0111541748046875	81.58539462089539	linearbp
53	.......((.........((.........((.........((.........((.........((.........((.........((.........((.........((.........((.........((.........((.........((.........((.........((.........((.........((.........)).........)).........)).........)).........)).........)).........)).........)).........)).........)).........)).........)).........)).........)).........)).........)).........)).........))......	CCCCCCCUGAAAAAAAAAGUCCCCCCCCCUUCCCCCCCCCUCAAAAAAAAACACCCCCCCCCACAAAAAAAAACUCCCCCCCCCUUCCCCCCCCCUUCCCCCCCCCUCAAAAAAAAACCAAAAAAAAACUCCCCCCCCCUUCCCCCCCCCUCAAAAAAAAACCAAAAAAAAACACCCCCCCCCACAAAAAAAAACACCCCCCCCCUGAAAAAAAAAGUCCCCCCCCCUGAAAAAAAAAGGAAAAAAAAAGACCCCCCCCCAACCCCCCCCCAGAAAAAAAAAGGAAAAAAAAAGACCCCCCCCCAACCCCCCCCCAACCCCCCCCCAGAAAAAAAAAGUCCCCCCCCCUGAAAAAAAAAGACCCCCCCCCAACCCCCCCCCACAAAAAAAAACACCCCCC	CAAAAAACGGAAAAAAAAGCGAAAAAAAAGUGAAUAAAAAGCGAAAAAAAGUCGACCCCCAAGAGAAAAAAAACCUAAAAAAAGCCGAGAAAAGGACGAAAAAAAGGCGAAAAAAAACCGAAAAAAAAGGAUAAGAAACGGACCCGCCCAAGGAAAAAUAAGCGAAAAAAAACCGAAAAUAGUGCGAUAAGAAACGGAAAAAAAACGAAAAAAAAAGCCCCCCCUCAGGAAAAAAAAAGCGAAAAAAAACUGAAAAAAAACCUAAAAAAAGCCGAAAAAAAAGGAAGAACAAAGCAAAAUAAAAGUAAAAAAAAAGGAAACAAAACGGAAAAAAAAAUCAAAAAAAGAGAAAAAAAAAAGCGAAAAAAAAACCAAAAAAAAGCGAAAAAGAACGAAAAAA	227.0	0.0	400.0	0.0	0.0	0.068864107131958	168.18005108833313	linearbp
54	(((((((((....)))))(((((....)))))(((((....)))))(((((....)))))(((((....)))))(((((....)))))))))	AAAUGAAUUCCCCAAUUCACCAUCCCCAUGGUGGUCUCCCCAGACCCGCUUCCCCAAGCGAAGCUCCCCAGCUUUACAUCCCCAUGUAAUUU	CGCUCAAUUCCCCAAUUGACCAUCCCCAUGGUGGUCUCCCCAGACCCGCUUCCCCAAGCGGAGCUCCCCAGCUCUACAUGCCAAUGUAGGCG	13.0	0.0	92.0	0.0	0.0	0.012683629989624	0.0799849033355712	linearbp
55	.....((((((((((....)))(((....((((.(((.....))).((((((......)))...))))))))))))).))))....................	AAAAACAUGGAACGGAAAACCGGCCAAAACUACAGUCAAAAAGACACUGGCUAAAAAAAGCAAACAGGUAGGGCUUCACAUGAAAAAAAAAAAAAAAAAAAA	AAAAACAUGGAACGGAAAACCGGCCAAAACUACAGUCAAAAAGACACUGGCUAAAAAAAGCAAACAGGUAGGGCUUCACAUGAAAAAAAAAAAAAAAAAAAA	0.0	0.0	102.0	1.0	1.0	0.0176844596862792	0.5141897201538086	linearbp
56	(((((((((((.(((((..(((((....((((((..(((((...(((((..((((((.((((((((((((((....))))))))))))))..(((....))).(((((((((....)))))))))..(((((....))))).)))))).))))).))))).))))))...((((((((.....))).)))))..((((((((((((((((((((((((....)))))))))))))).))))))))))...(((((......)))))((((((((((....))))))))))...((((....))))..)))))..))))).((((.(((.(((....)))))))))).(((((((((....))))).)))).)))).))).))))...	UUAAACAUGCACACGGACCUGAAUCCCCACAAGACCUGUUACCCUAACACCUGGUUUCUCAAGCCGCGGCGUCCCCACGCCGCGGCUUGACCAGUCCCCACUCUCCGUUCUUCCCCAAGAACGGACCUCGCACCCCUGCGACAAACCACUGUUACUAACACUCUUGUCCCAGCCUAGUCCCCCACUCAGGCUCCUCGUAAACGUUAUCGCAAAACUUACCCCUAAGUUUUGCGAUACACGUUUACGACCCUUUGUCCCCCCACAAAUUACCCGGCACCCCUGCCGGGUAACCCUCCACCCCUGGACCAUUCACCUCCGUCUGGUCACACAUUCCCCAAUUGUACCACACCUAGAUACCCCUAUCUCAGGUCUGCACUGUCUUAACCC	UUCAUCAUGCACACGGACCUGAAUCCCCACAAGACCUGUUACCCUAACACCUGGUUUACCAAGCCGCGGCGUCCCCACGCCGCGGCUUGGCCAUCGACAGAUCUCCGUUCUUCCCCAAGAACGGACAACGCACCCCUGCGUAAAACCACUGUUACUAACACUCUUGUCCCAGCCUAGUCCCCCACUCAGGCUCCUCGUAAACGUUAUCGCAAAACUUACCCCUAAGUUUUGCGAUACACGUUUACGACCCUUUGUCCCCCCACAAAUUACCCGGCACCCCUGCCGGGUAACCCUCCACCCCUGGACCAUUCACCUCCGUCUGGUCACACAUGGAAACAUUGUACCACACCUAGAUACCCCUAUCUCAGGUCUGCACUGGCUGAACCC	24.0	0.0	387.0	0.0	0.0	0.0592145919799804	0.8600969314575195	linearbp
58	((((.((((.(((....))).(((....))).(((....))).(((....))).(((....))).(((....))).)))).(((((......)))))(((....)))))))	CUACAGGCGAGCUAAAAAGCACGUAAAAACGACAGAAAACUGAGCUAAAAAGCACAGAAAACUGACUGAAAACAGACGCCACAGGGAAAAAACCCUGGUCAAAAGACGUAG	CUACAGGCGAGCUAAAAAGCACGUAAAAACGACACGAAAGUGAGCUAAAAAGCAAAGGAAACUUACUGAAAACAGACGCCACAGGGAAAAAACCCUGGUCAAAAGACGUAG	6.0	0.0	111.0	0.0	0.0	0.0071420669555664	0.0344502925872802	linearbp
59	.....((((((.((((((((....))))))).)))((((((((((....)))))))))))))).....	CCCCCAAAACACAACAAACUCCCCAGUUUGUCUUGGUUUCCCCAACCCCUUGGGGAAACUUUUCCCCC	AAAACGGACCGUCCGAAACUCCCCAGUUUCGUGUGGUUUCCCCAACCCCUUGGGGAAACGUCCACCCC	20.0	0.0	68.0	2.0	2.0	0.0393354892730712	1.6465718746185305	linearbp
60	.....((((.(...(.((((.(.((((.((.((((.((.(((....))).).)))))).).))))....).)))).)...).))))....................	CCCCCUUCACACCCACAGUUCUCUGGUCUUCUGGACAACAGACCCCUCUCUCUUCCAACACACCACCCCACAACUCUCCCUCUGAACCCCCCCCCCCCCCCCCCCC	CCCCCUUCUAGUAAAGUGUAGUACCUCGGGCGCAUCGUGGACGAAAGUCGGUCAUGCCAUGGAGGAAAGAGUACAGUAAUCCAGAACCCCCCCCCCCCCCCCCCCC	64.0	0.0	106.0	1.0	1.0	1.62308669090271	87.51397943496704	linearbp
61	.....((.((.((...)).((....))...)))).((.((.((...)).((....))...)))).....	AAAAAGUCAACUCAAAGACUCAAAAGACCCUUACAGGACGAGACCCUCACCAAAAGGAAACGCCAAAAA	CUAAAGGAGGAGCAAAGCACCGAAAGGACACCCCACGACCAGCAAAGCAGCGAAAGCAAAGGCGAAAAA	30.0	0.0	69.0	0.0	0.0	0.0093820095062255	0.7648220062255859	linearbp
62	.((.((.((.((..((..((.((...))..)).)).))..))..))....)).	CAGAGACAGAGUCCUCAACCACCAAAGGAAGGAGACACAACUCCUCAAAACUC	AGCAUCAGUGGCAACGGACGGGCAAAGCAACGACGGGCAAACAGGAAAAGGCA	34.0	0.0	53.0	0.0	0.0	0.0110654830932617	2.016195297241211	linearbp
63	.....((((((((..((((....))))..((((....))))..((((....))))..((((....))))..)))))))).....((((((((..((((....))))..((((....))))..((((....))))..((((....))))..)))))))).....((((((((..((((....))))..((((....))))..((((....))))..((((....))))..)))))))).....((((((((..((((....))))..((((....))))..((((....))))..((((....))))..)))))))).....((((((((..((((....))))..((((....))))..((((....))))..((((....))))..)))))))).....	CCCCCAGGGGUAGAACCCUCCCCAGGGAAGAUGAAAACAUCAACAACAAAAGUUGAAGAAACCCCUUUCAACUACCCCUCCCCCUAUCGGGCAAGCGACCCCUCGCAACUUGAAAACAAGAACGCGAAAACGCGAACAAGAAAACUUGAAGCCCGAUACCCCCAUACCGGCAACGCCAAAAGGCGAACAAUCCCCAUUGAAGAUCAAAAGAUCAACGCCAAAAGGCGAAGCCGGUAUCCCCCAAAUUUAACCACCCAAAAGGGUCCUAACAAAAGUUACCAAUACCCCUAUUCCAAAGAAAACUUUCCUUAAAUUUCCCCCUCCGGAUUCCAGGGAAAACCCUCCUAUGAAAACAUACCUAUACCCCUAUACCAUUACCCCUAAUCCAAUCCGGACCCCC	CCCCCAGGGGCAGAACCCUCCCCAGGGAAGAUGAAAACAUCAACAAGGAAACUUGCAGAAACCCCUUUCAACUGCCCCUCCCCCUAUCGGGCAAGCGACCCCUCGCAACUUGAAAACAAGAACGCGAAAACGCGAACAAGAAAACUUGAAGCCCGAUACCCCCAUACCGGCAACUCCAAAAGGAGAACAAUCCCCAUUGAAGAUCAAAAGAUCAACGCCAAAAGGCGAAGCCGGUAUCCCCCAAAUUUAACCACCCAAAAGGGUCCUAACAAAAGUUAAAGAUACCCCUAUCACAACGAAAACGUUCCUUAAAUUUCCCCCUCCGGAUCACAGGGAAAACCCUAAUAUGAAAACAUAACGGUACCCCUACCAAACUACCCCUAGUACGAUCCGGACCCCC	30.0	0.0	400.0	0.0	0.0	0.0501356124877929	6.257518529891968	linearbp
64	((...((....((.....((.........((..............................))...............)).........)).......))....))....	CCAAACCAAAACCAAAAACACCCCCCCCCACAAAAAAAAAAAAAAAAAAAAAAAAAAAAAAGUCCCCCCCCCCCCCCCUGAAAAAAAAAGGAAAAAAAGGAAAAGGAAAA	CCGGACCGAAACCAAAUAGCAGAAAAAAAGGGAAAAAAAAAAAAAAAAAAAAAAAAAAAAACCGAAAAAAAAAGAAAGGCGUAAAGAAGGGGAAAAAAGGGAAAGGAAAA	43.0	0.0	110.0	0.0	0.0	0.0221822261810302	118.09161591529846	linearbp
65	.(((((........)((((....))))..)))).......	CAAUAACCCCCCCCUUUUACCCCUAAACCUAUUCCCCCCC	ACCGUGGAAAAAAACGUUCGAAAGAACAUGCGGGAAAAAA	36.0	0.0	40.0	0.0	0.0	0.0051884651184082	1.0359978675842283	linearbp
66	.((.((.((..((.(...).)).))..))....)).	CAACAACAGAAGUCUCCCACACACUCCUUCCCCUUC	AGCAGUACGGACGGGGAACGCGACGAGACCAAAGCA	31.0	0.0	36.0	1.0	0.0	0.3845899105072021	4.230553150177002	linearbp
67	......(......((((.....))))......)......................	CCCCCCUCCCCCCUGGUCCCCCACCACCCCCCACCCCCCCCCCCCCCCCCCCCCC	AAGAACCGCAAAAGAGUCCCCCACUUGAAAGAGAAAAAAAAAAAAGAAAAGAAAA	44.0	0.0	55.0	0.0	0.0	0.0683522224426269	5.104917764663696	linearbp
69	.((.((.....(((((...((.(((.........................))).))...))).))...)).)).(((..(((..((.......((....)).......)))))......))).(((((.......(((..((..(((..((.(((...............)))..))..)))..)).)))..))..))).	CAUCUUCCCCCAUUUUCCCAUCUUACCCCCCCCCCCCCCCCCCCCCCCCCUAACAUCCCAAACAUCCCAACAUCAAACCAAUCCUACCCCCCCAUCCCCAUCCCCCCCUAAUUCCCCCCUUUCUUUUUCCCCCCCAAUCCUUCCAUACCUUCAUACCCCCCCCCCCCCCCUAUCCAACCUAUCCAACAUUCCAACCAAAC	ACCGUAGAAAAUCCGUGAAUUGACAGAGAAAAAAAAAAAAAAAAAAAAAAUGUGAAGAAAUGAGGGAAUAGGGAGUCCAAGGAAUCGAAAUAACGGAAACGGAAAAAAGACCUCAAAAAGACAGGAGCGAAAAAGAGCGGGACGAUCUCUCGGCAACACCACCCAACCCAUGCAAGACCGAUAAUCAGCUAAGCCAUCCA	162.0	0.0	200.0	0.0	0.0	0.0288856029510498	75.27110171318054	linearbp
70	...(((((((....((..((..(((..((..((..((..((..((..((...)).))..)).)).))..)).))).)).)))))))))........(((((((....((..((..(((..((..((..((..((..((..((...)).))..)).)).))..)).))).)).)))))))))...	AAAGUCCAACAAAACCAACCAACACAACCAACCAACCAACCAACCAACCAAAGGAGGAAGGAGGAGGAAGGAGUGAGGAGGGUUGGACAAAAAAAACUCCUUCAAAACCAACCAACAGAAGGAAGGAAGGAAGGAAGGAAGGAAACCACCAACCACCACCAACCACUGAGGAGGGAAGGAGAAA	AAAGUCCAAGAAAACCAACCAACACAACCAACCAACCAACCAACCAGGCAAAGCAGGAAGGAGGAGGAAGGAGUGAGGAGGCUUGGACAAAAAAAACUCCUUCAAAACCAACCAACAGAAGGAAGGAAGGAAGGAAGGAAGCAAAGCACCAACCACCACCAACCACUGAGGAGGGAAGGAGAAA	7.0	0.0	184.0	0.0	0.0	0.0411293506622314	0.2592847347259521	linearbp
71	....((....((....((....((..((..((...))..))....))......)).......)).........)).............	AAAACCAAAACACCCCAACCCCAGAAGGAAGUCCCACAACCAAAACUCCCCCCUUCCCCCCCUGAAAAAAAAAGGAAAAAAAAAAAAA	UAAGGCGAAUCCGAAGGCGAGACCAGGGGAACAAAGUGACCAAAGGGGAAAAAGCGAAAAAAGGUAAAAAGAAGCGACAAAAAAAGAA	53.0	0.0	88.0	109.0	0.0	0.0168666839599609	3315.033423423767	linearbp
73	((((...))))(((((((....))(((((..(((((((....))(((((((((...))))..((((...)))))))))((....)))))))..(((((((....))(((((((((...))))..((((...)))))))))((....)))))))..(((((((....))(((((((((...))))..((((...)))))))))((....)))))))..(((((((....))(((((((((...))))..((((...)))))))))((....)))))))..(((((((....))(((((((((...))))..((((...)))))))))((....)))))))..)))))((....)))))))((((...))))	AUACAAAGUAUUUCCCCCAAAAGGCUCCCAAGGGAUACAAAAGUUGGUGGGGCAAAGCCCAACGCCAAAGGCGCACCAGUAAAAACAUCCCAACCGUAGUAAAAACCCAACCUACAAAGUAGAAGCCCAAAGGGCGUUGGGUAAAAACUACGGAACAUGCUGAAAACAACGACCUUCAAAGAAGAAGUUCAAAGAACGUCGUUGAAAACAGCAUGAAGGCUAACAAAAGUCGUAGCUACAAAGUAGAAGUUGAAACAACCUACGUGAAAACAUAGCCAAGAAGCCUAAAAAGCCCCCGAGUAAAACUCAAGGCGAAACGCCGGGGGGUAAAAACGCUUCAAGGGAGGCAAAAGCGGGAAGCAGAAACUGC	CUCGAAACGAGGUCCGGCGUAAGCGUUCCAAGGGCCCUGAAAAGGAAUCGGGCAAAGCCCAGCGACAAAGUCGGAUUCGGGAAACCGGCCCAACCGUUCCGAAAGGGCAACCUACAAAGUAGAAGCCCAAAGGGCGUUGCGGGAAACCAACGGAACAUGGGGGAAACCGCGCCGUAUAAAAUACUACAUCUAAGAUGGGCGCUCGAAAGACCAUGAAGGCUCCCAAAAGGCGUAGCUACAAAGUAGAAGUUGAAACAACCUACGGGGAAACCGAGCCAAGAAGACCGAAAGGGCCCCGAGUAAAACUCAAGGCGAAACGCCGGGGCGGGAAACCUCUUCAAGGAACUGGAAACACGGACGCAGAAACUGC	99.0	0.0	370.0	0.0	0.0	0.0634987354278564	133.10258746147156	linearbp
74	(..((....((..((....((..((....(..((..((....((..((..((....(..((..((..((....((..((..((..((....((..((..((..((..((....((..((..((..((..((....((..((..((..((..((..((....((..((..((..((..((..((....((..((..((..((..((..((......))..))..))..))..))..))))..))..))..))..))..))))..))..))..))..))..))))..))..))..))..))))..))..))..))..))))..))..))..))))..))..))..)))..))..))))..))..)))..))))..))))..)	UCCUCAAAACCAACCAAAACCAACUCCCCUCCUGAAGGAAAAGGAAGGAAGACCCCACCACAACCAACCAAAACCAACCAACCAACCAAAACCAACCAACCAACCAACCAAAACCAACCAACCAACCAACCAAAACCAACCAACCAACCAACCAACCAAAACCAACCAACCAACCAACCAACCAAAACCAACCAACCAACCAACCAACCAAAAAAGGAAGGAAGGAAGGAAGGAAGGGGAAGGAAGGAAGGAAGGAAGGGGAAGGAAGGAAGGAAGGAAGGGGAAGGAAGGAAGGAAGGGGAAGGAAGGAAGGAAGGGGAAGGAAGGAAGGGGAAGGAAGUCCUUCAACCAACCCCAACACCAAGAAGGGGAAGGGACCA	CGACCGAAGUGAACGAAAAGGGAGCAAAAGGGGCAAGUAAAGGGGGACAACUACAACGACCAACCAAGGAAAUCUCAGCAAUGGAUCAAAUCGGACCAACCAACCAACCAAAACCAACCAACCAACCAACCAAAACCAACCAACCAACCAACCAACCAAAACCAACCAACCAACCAACCAACCAAAACCAACCAACCAACCAACCAACCAAAAAAGGAAGGAAGGAAGGAAGGAAGGGGAAGGAAGGAAGGAAGGAAGGGGAAGGAAGGAAGGAAGGAAGGGGAAGGAAGGAAGGAAGGGGAAGGAAGGAAGGAACGGAGACAAAGCAAAGCCAAGGGGGGGAGAGGGGUUACCACAGGCAACGCGACCCGGGCAGGGAG	94.0	0.0	380.0	0.0	0.0	1.4566519260406494	89.97403335571289	linearbp
75	......(((......((((..(....(((........)))....).....)))).......)))...........	AAAAAACAGAAAAAAGGACAACAAAACUCAAAAAAAAGAGAAAAGAAAAAGUCCAAAAAAACUGAAAAAAAAAAA	AAAAAACAGAAAAAAGGAUGAGAAAAGUCAAAAAAAAGACGAAGCGAAAAGUCCAAAAAAACUGAAAAAAAAAAA	9.0	0.0	75.0	0.0	0.0	0.1818532943725586	0.0135068893432617	linearbp
76	(((((....)).((((((....)))..((((.((((..(((....)))(((.((....))(((...)))((....)).)))(((....)))..)))).((((..(((....)))(((.((....))(((...)))((....)).)))(((....)))..)))).((((..(((....)))(((.((....))(((...)))((....)).)))(((....)))..)))).((((..(((....)))(((.((....))(((...)))((....)).)))(((....)))..)))).((((..(((....)))(((.((....))(((...)))((....)).)))(((....)))..)))).))))..(((....)))))).((....)))))	CUGCGAAAACGAGUCGAGAAAACUCAAGCGCAGCCCAAGCUAAAAAGCGUCACCAAAAGGGUGAAACACGGAAAACCAGACCACAAAAGUGAAGGGCAGAUCAAGUGAAAACACGAGACGAAAACGGUGAAACACGGAAAACCACUCCUGAAAACAGAAGAUCAGGGGAACGUAAAAACGGUGACGAAAACGCGUAAAACGGGAAAACCACACCGUAAAAACGAACCCCAGCCCAACUGAAAACAGCACAGGAAAACCCUCAAAGAGCCAAAAGGAGUGCUCAAAAGAGAAGGGCAGUAGAACGUAAAAACGGAGAGCAAAAGCCACAAAGUGCCAAAAGGACUCCUGAAAACAGAACUACAGCGCAACAGAAAACUGGACACCAAAAGGCAG	CCGAGGGAACUAGACGGCGAAAGCCUAGCGCAGGCGAAGCUAAAAAGCGCGAGCGAAAGCGGGAAACCCAGGAAACUACGCGACAAAAGUCAACGCCAGCUCAAGUGAAAACACGCCACCCAAAGGCCCAAAGGGGGGAAACCAGGCCCGAAAACGGAAGAGCAGGAGCAGGUGAAAACCGACACCGAAAGGGAGAAACUCGGGAAACCAGUCAGCGAAAGCUAACUCCAGCCCAGCUGAAAACAGGACAGGAAAACCGGCAAAGCCCCGAGAGGAGUCGACAAAAGUCAAGGGCAGUACAUGGUAAAAACCGGCACCGAAAGGGAGAAACUCGAGAAAUCAGCCGAGGAAACUCAAGUACAGCGCAAGCGAAAACGCGUCAGCGAAAGCCGG	121.0	0.0	393.0	8.0	0.0	0.0597255229949951	3232.9582402706146	linearbp
77	.....(((((((.(((((....)))).)))(((((.((..((((....))))..(((((......)))))..)).))))))))))....................	AAAAAGAAUUGUCUGAACAAAAGUUCAAACAUCGUCUGAAGCCCAAAAGGGCAACAUGUAAAAAAACAUGAACACACGAUAAUUCAAAAAAAAAAAAAAAAAAAA	AAAAAGAAUUGGCGUAACAAAAGUUGUCCCAUCGUCUGAAGCCCAAAAGGGCAACAUGUAAAAAAACAUGAACACACGAUAAUUCAAAAAAAAAAAAAAAAAAAA	7.0	0.0	105.0	0.0	0.0	0.0132143497467041	0.3233375549316406	linearbp
79	......(.((((.((((....(...((((.(....).))))...)))))..((......((((....)))))).)))).).....................	CCCCCCUCAAAACAAAUCCCCACCCAUUACACCCCUCUAAUCCCUAUUUCCAUCCCCCCAAUACCCCUAUUAUCUUUUCACCCCCCCCCCCCCCCCCCCCC	UAAAAGCGAUGCAUACUAAAAGGAAAUCGGGGGAACGCGAUGAACAGUAAGGCGAUAAAGACGGAAACGUUGCGGCAUGGGAAAAAAAAGAAAAGAAAGAA	88.0	0.0	101.0	0.0	0.0	0.0153982639312744	229.66038823127747	linearbp
80	(....(((((...(((((...(((((....(((((...(((((...(((((..(((((....(((((...(((((...(((((..(((((...(((((...(((((..(((((...(((((..(((((..(((((..(((((..(((((.(((((.((((((((((.....))))).....))))).....))))).....))))).....))))).....))))).....))))).....))))).....))))).....))))).....))))).....))))).....))))).....))))).....))))).....))))).....))))).....))))).....))))).....))))).....))))).....)))))....).....	CAAAACUUUGAAAGGACCAAACUUUCAAAACCUGGAAAGAAACAAACCUCCAACAAAGAAAAGGUUCAAACCAAGAAAGGUUCAACCAGGAAAGUUCCAAACAAACAACCUGGAAAGUUGGAAGUUUCAACCACCAACCCCCAACCAAGAGGACCACAAGGGAAAGAAAAACUUUCAAAAACCUUGAAAAAGGUCCAAAAACUUGGAAAAAGGGGGAAAAAGGUGGAAAAAGAAACAAAAACCAACAAAAACCAGGAAAAAGUUUGAAAAAGGAACAAAAACCUGGAAAAAGAACCAAAAACUUGGAAAAAGAACCAAAAACUUUGAAAAAGGAGGAAAAAGUUUCAAAAACCAGGAAAAAGAAAGAAAAAGGUCCAAAAACAAAGAAAAGAAAAA	GAAAUCUUUGAAAGGACCAAACUUUCAAAACCUGGAAAGAAACAAACCUCCAACAAAGAAAAGGUUCAAACCAAGAAAGGUUCAACCAGGAAAGUUCCAAACAAACAACCUGGAAAGUUGGAAGUUUCAACCACCAACCCCCAACCAAGAGGACCACAAGGGAAAGAAAAACUUUCAAAAACCUUGAAAAAGGUCCAAAAACUUGGAAAAAGGGGGAAAAAGGUGGAAAAAGAAACAAAAACCAACAAAAACCAGGAAAAAGUUUGAAAAAGGAACAAAAACCUGGAAAAAGAACCAAAAACUUGGAAAAAGAACCAAAAACUUUGAAAAAGGAGGAAAAAGUUUCAAAAACCAGGAAAAAGAAAGAAAAAGGUCCAAAAACAAAGUAAGCAAAAA	5.0	0.0	396.0	0.0	0.0	1.8786864280700684	1.323563814163208	linearbp
81	....((((..(((((..((((..((((.....))))((((((...))).)))))))((((((.((.((.(((((....)).)))))))(((((.((.((.((....))))))(((((.(((....)).))).)))..)).)))))).))))))))(((.(((.(((.((((....))))))))))((((((((...))).)).))).)))))))	AAAACAAGAACGCACAACCCGAACGGCAAAAAGCCGGUGCUCAAAGAGACACCGGGGUCCUGACCAGGACUCGCAAAAGCAGAGCCGGCACGGAGCACGACCAAAAGGCGGCGACCUCGCGAAAACGACAGAGUCAACCAGUGCAGAGACGUGCGGAGACACAGAGAGUCUAAAAAGACCUCGUGGUCCGCUGAAACAGACGAGACACUCCUUG	AAAAGCUUAAGCUCGAACGCCAGGCGCGAAAAGCGCGCAGUCAAAGACGUGCGGCGCGGCCCAAGAUCAGGACUGAAAAGAUCCGACUGCCCGACUACGAGAGAAAUCCGAGAGCCGUCCAGAAAUGAGUGAGCUAACGAGGCGGGACCGCGAGCCGGAGACAGAGAGUCUAAAAAGACCUCGUCACCCCGCGAAACGCAGGAGGUACCGAAGC	107.0	0.0	214.0	22.0	0.0	0.0394477844238281	8271.06861782074	linearbp
82	...((((((....))))))(((((....)))))((((((....))))))(((((....)))))((((((....))))))(((((....)))))(((((....)))))((((((....)))))).(((((....)))))((((((....))))))(((((....)))))((((((....))))))(((((....)))))((((((....))))))	AAAGUACGGAAAACCGUACGGCCUAAAAAGGCCGCGUUGAAAACAACGCGUUAGAAAACUAACGAUGGCAAAAGCCAUCGACCGAAAACGGUCGGGUGAAAACACCCGAUGGGAAAACCCAUCACGGUCAAAAGACCGGGCCGCAAAAGCGGCCCUGGCAAAAGCCAGCGCUACAAAAGUAGCGGACCCAAAAGGGUCCGGGGGAAAACCCCCG	AAAGUACGGAAAACCGUACAGCCUAAAAAGGCUGCGUUGAAAACAACGCGUUAGAAAACUAACGAUGGCAAAAGCCAUCGACCGAAAACGGUCGGGUGAAAACACCCGAUGGGAAAACCCAUCACGGUCAAAAGACCGGGCCGCAAAAGCGGCCCUGGCAAAAGCCAGGGCUACAAAAGUAGCCGACCCAAAAGGGUCGCCCGCGUAAGCGGGC	16.0	0.0	214.0	0.0	0.0	0.0295023918151855	1.2689661979675293	linearbp
83	.....((((.(((.((....))((....)).))).(((.((....))((....)).))).(((.((....))((....)).))).(((.((....))((....)).))).)))).....	AAAAAGCGCACCCAGCAAAAGCGGAAAACCAGGGACCCACGAAAACGGGAAAACCAGGGAGGCAGCAAAAGCCCAAAAGGAGCCAGCCACCAAAAGGCCAAAAGGAGGCAGCGCAAAAA	AAAAAGCGCACCCAGCAAAAGCGGAAAACCAGGGAGGCACGAAAACGGGGAAACCAGCCAGGCAGCAAAAGCCCAAAAGGAGCCAGACAGCAAAAGCCCAAAAGGAGUCAGCGCAAAAA	9.0	0.0	119.0	0.0	0.0	0.0205047130584716	0.3124778270721435	linearbp
84	.....((((((((((....)))(((....((((((((...(((.....)))))))(((......))).))))))))))..))))....................	CCCCCAUAAAGCAUACCCCUAUGCUCCCCAAAGCAAUCCCUAUCCCCCAUAAUUGGCUAAAAAAAGCACUUUAGCGCUCCUUAUCCCCCCCCCCCCCCCCCCCC	CCCCGAUCGGCUCAGGAAACUGGACACCAGGGGCAAUUCCGAGAAAAACUCAUUGGCUAAAAAAAGCACCCCGUCAGCAGCGAUAAAAAAAAAAAAAAAAAAAA	65.0	0.0	104.0	0.0	0.0	0.0178711414337158	1.6005918979644775	linearbp
85	(((((((((((((((.(((((.((.....)).((.....)).((.....)).((.....)).((.....)).))))).(((.....))).(((((.((.....)).((.....)).((.....)).((.....)).((.....)).))))).(((.....))).(((((.((.....)).((.....)).((.....)).((.....)).((.....)).))))).(((.....))).(((((.((.....)).((.....)).((.....)).((.....)).((.....)).))))).(((.....))).(((((.((.....)).((.....)).((.....)).((.....)).((.....)).))))).)))))))))))))))	UUAACCUCCCGAAUCAGGGAGACGAAAAACGACCAAAAAGGACCAAAAAGGAGCAAAAAGCAGCAAAAAGCACUCCCAGUGAAAAACACACUUUGAGGAAAAACCAGGAAAAACCACGAAAAACGAGCAAAAAGCACGAAAAACGACAAAGACUCAAAAAGAGACGCUGAGCAAAAAGCACCAAAAAGGAGCAAAAAGCACGAAAAACGAGGAAAAACCACAGCGAGUCAAAAAGACACUGCGACCAAAAAGGACCAAAAAGGAGCAAAAAGCAGCAAAAAGCACCAAAAAGGACGCAGAGACAAAAAGUCACGGACACCAAAAAGGAGCAAAAAGCAGGAAAAACCACCAAAAAGGACGAAAAACGAGUCCGAGAUUCGGGAGGUUAA	UGAACCUCCCGAAUCAGGGAGCGGAAAAACCAGCGAAAAGCACCGAAAAGGAGGAAAAACCGGCAAAAAGCACUCCCAGUGAAAAACACACUUUGAGGAAAAACCAGGAAAAACCAAGGAUAACUAGAGAAAAUCAGCGAAAAGCACAAAGACUCGAAAAGAGAGGCUGGGCGAAAAGCAGCAAAAAGCACCAAAAAGGAGGAAAAACCAGGAAAAACCACAGCCAGUCAAAAAGACACUGCGAUCGAAAAGAAGCAAAAAGCAGCAAAAAGCACCAAAAAGGACCGAAAAGGACGCAGAGACAAAAAGUCACGGACACCAAAAAGGAGCAAAAAGCAGGAAAAACCACCAAAAAGGCCGAAAAACGAGUCCGAGAUUCGGGAGGUUCA	44.0	0.0	389.0	0.0	0.0	0.0810859203338623	23.71062922477722	linearbp
88	....(((((((((.((....))).)).).)))))....	AAAAGGGGGGGAACAACCCCUUUCUCACACCCCCAAAA	AUAAGCGGGGGGGCGAGCCAUCCAUCACACCCGCAAAA	11.0	0.0	38.0	1.0	0.0	0.1244375705718994	28.690980672836304	linearbp
91	((..(((((........(.((..((.(.....(....).((((((((.........((......((((.....))))......))...((..((.......(..(......)..)..((..((.....((....)).((((.....(((.....(..((.(...).))..).....))).((((...(.......(..(.((...)).)..).......)...))))........)))).....((((((...)))))).))..))...........))..)).........(..((((....))((((((.....(........).....))))))..))..)...))))))))........).))..)).).....(.......).)))))..)).	CGAAGCGGCAAAAAAAACAGGAACCAGAAAAAGAAAACACGCGCCGGAAAAAAAAAGCAAAAAAGGGGAAAAACCCCAAAAAAGCAAAGGAAGGAAAAAAAGAACAAAAAAGAACAAGGAACGAAAAAGCAAAAGCACCGGAAAAAGGCAAAAACAACGAGAAACACGAAGAAAAAGCCACGCGAAACAAAAAAACAAGAGGAAACCACAAGAAAAAAAGAAACGCGAAAAAAAACCGGAAAAAGCGCCCAAAGGGCGCACGAACCAAAAAAAAAAACCAACCAAAAAAAAACAACCGGAAAACCGCGGGGAAAAACAAAAAAAAGAAAAACCCCGCAAGGAAGAAACCGGCGCGAAAAAAAACAGGAACCAGAAAAACAAAAAAAGAGCCGCAACGA	CGAAGCGGCCAAAAAAAGGGCGACCGUAAUAAGGAAACAGGCGCCGUAAAAAAAAAGCAUAAAACGGGAAAAACCCGAAAAAGGCAAACGAACCAAAAAAAGGGGGAAAAACAACAACCAACGAAAACACGAAAGUACCGGAAAAAGGAGGAAGGGAUUGGAAACGAAGACAAAAAUCCACGCUAAGCAAAAAAAGAACAGGAAACCAGGACGUAAAAGGAAGAGCGAAAAAAAACCGGGAAAAGCGCCCAAAGGGCGCACGGGGGAAAAUAAAAAAGGGGCGGAAAAAAAAGGACGGGGAAACCGCGGGGAAAAACAAAAAAAAGAAAAGCCCCGCUGCGGACAGAACGGCGCCAAAAAAAAGGGGGAGCGCAAAUAGGAAAAAACAGCCGCAACGA	91.0	0.0	398.0	0.0	0.0	0.056626558303833	99.37684059143066	linearbp
92	.......((.((.((....)).((...))...)))).((.((.((....)).((...))...)))).((.((.((....)).((...))...)))).......	CCCCCCCUCAGACAUCCCCAUCACAAAGUCCCUCGACACAGCAGUCCCCACAGCAAAGCAAAGCGUCAACACACCAAAAGGAGGAAACCAAAGUUUCCCCCCC	UGAAAAAGGAGGAGCGCAAGCAGGACACCAUACCCCAGGAGCAGCGAAAGCAGGAAACCAAAGCCCACGACCACGGAAACGAGCAAAGCAAAGGCGAAAAAAA	63.0	0.0	103.0	6.0	0.0	0.0099909305572509	2328.598742008209	linearbp
93	........(((((((((((....))))..((((....))))..((((....)))))))))))..(((((((...))))..((((...))))..((((...))))))).........	AAAAAAAACUGCUUCCGCGAAAACGCGAACGGCAAAAGCCGAACAUGAAAACAUGGAAGCAGAAGACCAUCAAAGAUGAACGGGAAACCCGAACGCGAAACGCGGUCAAAAAAAAA	AAAAAAAACUGCUUCCGCGAAAACGCGAACGGCAAAAGCCGAACAUGAAAACAUGGAAGCAGAAGACCAUCAAAGAUGAACGGGAAACCCGAACGCGAAACGCGGUCAAAAAAAAA	0.0	0.0	116.0	0.0	0.0	0.0112481117248535	0.0391159057617187	linearbp
95	..(((((((((((((....)))))(((((....))))))))((((((((....)))))(((((....)))))))))))))..	CCUGGUUGUUCAAGUCCCCACUUGGGAAACCCCUUUCCAACCUUCCCCACCCCUGGGGGGUUUCCCCAAACCAAGAACCACC	CCUGGCCCGCGAUGUCCCCACAUCCGAAAACCAUUUCGGCGGCCCCCCGGAAACGGGGUGUUUUCCAAAACAGGCGGCCACC	34.0	0.0	82.0	0.0	0.0	0.015533447265625	3.688713550567627	linearbp
97	(.(((..(((((....(((((......))))))))))((((...((((.....))))))))(((..(((....)))))).(((...((((...((((......))))))))(((..(((.....))))))((.((....)))).((((....(((..(((......))))))((.((.....))))(((....))).(((((.....((.((......))))(((.....)))((....)).((((((......(((......)))((.....))...(((((((...))))))).......))))))......))))).....))))....)))...)))..)...(.((.((((....((....))((....))((((((...)))))).)))))).)	CACGGAACGGCGAAAAGCCGCAAAAAAGCGGCCGCCGCCCCAAACGCGAAAAACGCGGGGGCCGAACCCAAAAGGGCGGAGCCAAACCGGAAAGGGGAAAAAACCCCCCGGGCCAACCGAAAAACGGGGCCCAGCAAAAGCGGACGCGAAAACGCAAGGGAAAAAACCCGCGGGAGCAAAAAGCCCCGGAAAACCGACCGGCAAAAAGGAGGAAAAAACCCCGCGAAAAACGCCCAAAAGGAGCGCGCAAAAAAGCCAAAAAAGGCCCAAAAAGGAAACGGGCCCAAAGGGCCCGAAAAAAAGCGCGCAAAAAAGCCGGAAAAACGCGAAAAGGCAAACCGAAGAAACACCACCCGAAAAGGAAAACCCGAAAACGGGGGCGAAACGCCCCACGGGGGAG	GAGGCAAAGGCGAAAAGCCGCAAAAAAGCGGCCGCCUCCCCAAACGCGAAAAACGCGGGGGGCGAACCCAAAAGGGCGCAGCCAAACCGGAAUGAGGAAAAAACCUCCCGGGCCAACCGAAAAACGGGGCCCAGCAAAAGCGGACCUGAAAUCGCAAGGGAAAAAACCCGCGGGAGCAAAAAGCCCGGGAAAACCCACCGGCAAAAAGGAGGAAAAAACCCCGCGAAAAACGCCCAAAAGGAGCGCGCAAAAAAGCCAAAAAAGGCCCAAAAAGGAAACGGGCCCAAAGGGCCCGAAAAAAAGCGCGCAAAAAAGCCGGAAAAACAGGAAAAGGCAAAGCUGACAAAUGUGACCCUAAAACCGAGAGGCGGAAACGGUGGCGAAACGCCAUAAGGGCAGA	41.0	0.0	400.0	1.0	0.0	0.0469040870666503	505.8838720321655	linearbp
98	...(((((((...))))..((((...))))..((((...)))))))........(((((((...))))..((((...))))..((((...)))))))........(((((((...))))..((((...))))..((((...)))))))........(((((((...))))..((((...))))..((((...)))))))...	AAACACGUAGAAACUACAACUGUAAAACAGAAGCGGAAACCGCGUGAAAAAAAACACGGGGAAACCCCAACCCGAAACGGGAAGGCGAAACGCCGUGAAAAAAAACACCAUGAAACAUGAAGCGGAAACCGCAACCGCAAAGCGGGUGAAAAAAAAGAGGACUAAAAGUCAAGUACAAAGUACAACUACAAAGUAGCUCAAA	AAACACGUAGAAACUACAACUGUAAAACAGAAGCGGAAACCGCGUGAAAAAAAACCCGGGGAAACCCCAACCCGAAACGGGAAGGCGAAACGCCGGGAAAAAAAACGGCAUGAAACAUGAAGCGGAAACCGCACCCGCAAAGCGGCCGAAAAAAAAGAGGACUAAAAGUCAAGUACAAAGUACAACUACAAAGUAGCUCAAA	7.0	0.0	202.0	0.0	0.0	0.0225958824157714	0.6819396018981934	linearbp
